category,rank_brand_name,~18,19~23,24~28,29~33,34~39,40~,men,women
상의,커버낫,34,25,18,10,4,9,64,36
상의,스파오,58,14,11,8,5,4,64,36
상의,라퍼지스토어,22,35,25,11,3,4,80,20
상의,후아유,37,21,17,12,7,6,65,35
상의,후아유,28,24,22,15,6,5,58,42
상의,트래블,34,30,16,8,3,9,60,40
상의,이벳필드,34,26,18,9,5,8,64,36
상의,아웃도어 프로덕츠,28,22,19,11,7,13,55,45
상의,라퍼지스토어,16,31,32,14,4,3,83,17
상의,푸마 셀렉트,28,15,19,15,9,14,75,25
상의,마르디 메크르디,29,37,17,6,3,8,14,86
상의,라퍼지스토어,27,43,18,5,2,5,73,27
상의,라퍼지스토어,21,37,25,10,3,4,83,17
상의,와릿이즌,35,28,13,5,4,15,42,58
상의,라퍼지스토어,25,43,20,5,2,5,74,26
상의,그루브라임,34,27,15,8,4,12,56,44
상의,무신사 스탠다드,16,21,26,17,11,9,85,15
상의,스파오,31,30,23,10,3,3,82,18
상의,커버낫,30,25,17,9,5,14,46,54
상의,마르디 메크르디,23,38,22,8,3,6,11,89
상의,마뗑킴,21,50,21,4,1,3,9,91
상의,예일,34,29,14,8,4,11,43,57
상의,수아레,15,33,31,14,4,3,85,15
상의,캘빈클라인 진,36,41,14,3,1,5,14,86
상의,세인트제임스,18,22,31,16,7,6,53,47
상의,비바스튜디오,38,40,12,3,1,6,35,65
상의,테이크이지,17,37,27,11,4,4,85,15
상의,예일,30,29,20,9,3,9,62,38
상의,라퍼지스토어,22,30,27,13,4,4,79,21
상의,무신사 스탠다드,26,29,20,12,6,7,82,18
상의,무신사 스탠다드,14,28,29,16,7,6,82,18
상의,파르티멘토,57,13,12,8,5,5,71,29
상의,커버낫,17,24,31,17,6,5,72,28
상의,엠엘비,34,31,18,6,2,9,35,65
상의,브라운브레스,38,30,12,5,3,12,43,57
상의,캘빈클라인 진,32,40,18,4,1,5,55,45
상의,수아레,24,22,28,14,7,5,86,14
상의,트래블,30,35,16,7,4,8,58,42
상의,엠엘비,33,33,17,6,2,9,28,72
상의,푸마 셀렉트,25,20,27,16,6,6,83,17
상의,캘빈클라인 진,33,38,17,5,1,6,57,43
상의,폴로 랄프 로렌,20,20,28,21,8,3,78,22
상의,메종 키츠네,17,17,28,21,11,6,74,26
상의,예일,47,23,10,6,3,11,60,40
상의,폴로 랄프 로렌,19,37,30,9,2,3,59,41
상의,러브이즈트루,26,43,17,5,3,6,5,95
상의,메종 키츠네,20,37,24,12,3,4,64,36
상의,폴로 랄프 로렌,16,16,33,24,8,3,68,32
상의,마리떼,19,36,27,9,3,6,17,83
상의,브라운브레스,38,31,13,5,3,10,43,57
상의,인템포무드,16,28,30,14,7,5,86,14
상의,캘빈클라인 진,32,39,18,5,1,5,53,47
상의,리,38,35,12,4,2,9,28,72
상의,페플,22,28,24,14,6,6,84,16
상의,스컬프터,31,44,16,4,1,4,10,90
상의,랩12,20,33,23,12,7,5,91,9
상의,엘무드,46,15,20,13,4,2,97,3
상의,수아레,57,12,16,9,4,2,90,10
상의,앤더슨벨,11,24,36,18,7,4,89,11
상의,제멋,26,30,22,11,5,6,85,15
상의,지오다노,20,27,27,15,6,5,87,13
상의,무신사 스탠다드,14,16,24,20,13,13,86,14
상의,코드그라피,40,27,11,7,5,10,44,56
상의,팔렛,35,42,13,3,1,6,21,79
상의,엠엠지엘,12,33,34,13,5,3,92,8
상의,무신사 스탠다드,11,21,31,21,10,6,84,16
상의,메종 키츠네,18,32,27,12,7,4,69,31
상의,무신사 스탠다드,14,18,29,20,11,8,86,14
상의,내셔널지오그래픽,44,17,11,5,4,19,43,57
상의,아페쎄,20,39,25,8,4,4,51,49
상의,마리떼,15,54,19,5,2,5,5,95
상의,무신사 스탠다드,25,26,22,12,5,10,7,93
상의,코드그라피,45,30,9,4,3,9,27,73
상의,이자벨마랑,15,26,27,12,8,12,51,49
상의,피지컬 에듀케이션 디파트먼트,31,34,18,7,3,7,34,66
상의,칼하트,33,39,14,5,2,7,66,34
상의,지프,26,20,18,14,8,14,46,54
상의,무신사 스탠다드,19,27,26,15,6,7,82,18
상의,예일,27,27,22,10,4,10,58,42
상의,수아레,22,23,25,17,8,5,93,7
상의,제멋,15,38,22,12,5,8,82,18
상의,마르디 메크르디,16,27,22,11,9,15,10,90
상의,예일,34,31,15,8,3,9,50,50
상의,엠엠지엘,10,25,40,16,6,3,94,6
상의,폴로 랄프 로렌,31,3,18,21,16,11,88,12
상의,후아유,31,17,18,18,10,6,72,28
상의,푸마 셀렉트,20,13,19,25,13,10,80,20
상의,와릿이즌,44,20,10,4,3,19,45,55
상의,퍼스텝,21,24,19,13,11,12,75,25
상의,무신사 스탠다드,15,23,28,16,10,8,89,11
상의,디스이즈네버댓,44,29,12,4,2,9,49,51
상의,무신사 스탠다드,18,27,26,15,7,7,81,19
상의,마르디 메크르디,26,36,20,7,4,7,7,93
상의,내셔널지오그래픽,30,18,18,11,7,16,57,43
상의,무신사 스탠다드,14,27,29,16,7,7,76,24
상의,아모멘토,35,6,31,18,7,3,4,96
상의,패슬,34,48,11,1,0,6,26,74
상의,토마스모어,12,25,34,18,7,4,92,8
상의,아워스코프,14,29,35,13,5,4,89,11
상의,무신사 스탠다드,12,16,30,19,12,11,93,7
상의,웬스데이딜라잇,19,17,28,26,4,6,2,98
상의,코드그라피,50,28,9,3,2,8,30,70
상의,낫유어엑스엑스엑스 바이 낫유어로즈,15,37,32,11,3,2,3,97
상의,커렌트,18,55,19,2,1,5,3,97
상의,코드그라피,33,27,16,9,7,8,28,72
상의,스컬프터,30,47,14,3,1,5,7,93
상의,이스트쿤스트,46,30,10,3,2,9,15,85
상의,예일,49,23,11,5,2,10,56,44
상의,시티브리즈,17,51,23,5,1,3,4,96
상의,로맨틱크라운,22,34,24,13,3,4,36,64
상의,지프,28,26,21,11,5,9,50,50
상의,예스아이씨,42,38,10,2,1,7,38,62
상의,본하이커,29,24,17,11,7,12,64,36
상의,와릿이즌,46,25,9,3,2,15,44,56
상의,블랭크룸,10,23,40,20,5,2,95,5
상의,내셔널지오그래픽,40,16,9,5,5,25,41,59
상의,로맨틱크라운,24,27,25,11,6,7,29,71
상의,세터,20,27,26,14,7,6,80,20
상의,무신사 스탠다드,13,18,27,19,13,10,86,14
상의,엘무드,15,18,31,22,9,5,91,9
상의,예일,36,32,14,6,3,9,57,43
상의,페플,17,27,29,15,6,6,89,11
상의,마뗑킴,18,52,24,3,1,2,5,95
상의,아크메드라비,50,24,9,3,2,12,66,34
상의,디스이즈네버댓,32,34,17,7,3,7,44,56
상의,지프,31,22,22,13,5,7,58,42
상의,토마스모어,11,26,36,16,7,4,88,12
상의,아웃스탠딩,14,16,25,20,16,9,92,8
상의,코드그라피,48,28,11,4,2,7,36,64
상의,리,27,28,22,8,4,11,36,64
상의,문선,19,40,25,7,3,6,85,15
상의,무신사 스탠다드,14,26,28,18,8,6,91,9
상의,에스피오나지,11,28,32,17,7,5,92,8
상의,푸마 셀렉트,20,13,24,25,11,7,84,16
상의,와릿이즌,29,28,11,5,5,22,37,63
상의,마인드브릿지,21,29,25,13,5,7,78,22
상의,제멋,18,36,23,11,5,7,77,23
상의,와릿이즌,39,22,13,5,3,18,42,58
상의,제멋,22,19,16,16,14,13,76,24
상의,패슬,37,45,11,2,0,5,25,75
상의,무신사 스탠다드,7,15,29,23,15,11,94,6
상의,타입서비스,18,42,28,7,2,3,5,95
상의,에스피오나지,11,20,24,23,15,7,92,8
상의,드로우핏,14,22,30,20,9,5,93,7
상의,세인트제임스,15,12,31,19,16,7,15,85
상의,마르디 메크르디,22,13,17,12,12,24,6,94
상의,비바스튜디오,40,37,12,3,1,7,38,62
상의,에이카화이트,23,32,26,7,6,6,74,26
상의,퍼스텝,38,31,16,6,3,6,68,32
상의,예일,19,24,31,18,4,4,74,26
상의,필루미네이트,23,30,22,12,5,8,68,32
상의,디스이즈네버댓,39,29,14,6,3,9,48,52
상의,인사일런스,13,23,32,19,7,6,93,7
상의,세터,13,26,38,15,5,3,85,15
상의,샤카웨어,22,28,25,14,6,5,93,7
상의,던스트 포 우먼,5,18,46,21,7,3,7,93
상의,알브이디,20,24,27,15,10,4,95,5
상의,커버낫,17,23,28,18,7,7,63,37
상의,커스텀어클락,14,21,29,21,8,7,88,12
상의,칼하트,27,34,19,9,5,6,66,34
상의,마르디 메크르디 악티프,32,9,13,9,14,23,6,94
상의,슈퍼서브,33,15,15,14,13,10,42,58
상의,이벳필드,24,33,19,9,5,10,46,54
상의,에스피오나지,12,30,31,17,6,4,91,9
상의,커스텀어클락,19,27,25,17,7,5,89,11
상의,예스아이씨,29,37,20,6,2,6,55,45
상의,마르디 메크르디,25,21,21,11,8,14,6,94
상의,예일,27,30,23,10,3,7,55,45
상의,엠엔지유,19,27,32,11,6,5,85,15
상의,스톤아일랜드,16,16,30,19,13,6,89,11
상의,유니폼브릿지,26,28,23,12,5,6,80,20
상의,노매뉴얼,25,39,24,5,2,5,74,26
상의,하이스쿨디스코,27,49,16,3,1,4,3,97
상의,마르디 메크르디,27,44,17,4,3,5,3,97
상의,타미진스,14,23,24,27,10,2,45,55
상의,도미넌트,26,33,21,8,4,8,63,37
상의,피버타임,38,39,13,2,1,7,18,82
상의,로맨틱크라운,19,32,28,13,4,4,61,39
상의,배드블러드,16,20,27,19,12,6,12,88
상의,마르디 메크르디,22,34,22,9,5,8,9,91
상의,아디다스,31,20,15,8,6,20,33,67
상의,러브이즈트루,28,46,16,3,1,6,3,97
상의,이벳필드,38,27,12,6,5,12,47,53
상의,지오다노,22,31,23,12,6,6,87,13
상의,예일,25,32,22,9,4,8,64,36
상의,노매뉴얼,29,29,24,9,5,4,86,14
상의,예일,24,30,22,9,5,10,54,46
상의,폴로 랄프 로렌,23,37,26,9,2,3,16,84
상의,토마스모어,13,23,36,19,6,3,92,8
상의,하이버넷,65,4,6,11,8,6,9,91
상의,베르노,20,22,31,16,5,6,86,14
상의,노매뉴얼,36,38,14,4,2,6,64,36
상의,마리떼,19,43,26,6,2,4,5,95
상의,무신사 스탠다드,28,30,18,11,6,7,80,20
상의,엘엠씨,35,38,15,4,2,6,48,52
상의,리,49,27,8,3,2,11,41,59
상의,엘엠씨,31,31,20,8,3,7,60,40
상의,디스이즈네버댓,16,19,17,28,14,6,81,19
상의,나이스고스트클럽,24,32,28,9,3,4,10,90
상의,커버낫,28,20,16,10,9,17,60,40
상의,레이어 유니온,27,37,20,7,3,6,81,19
상의,커스텀어클락,19,23,29,19,6,4,89,11
상의,메종미네드,20,34,25,11,4,6,74,26
상의,무신사 스탠다드,16,24,29,17,7,7,86,14
상의,수아레,25,25,28,14,5,3,89,11
상의,마리떼,14,32,28,12,6,8,15,85
상의,무신사 스탠다드,14,13,27,20,17,9,88,12
상의,노매뉴얼,33,42,17,3,1,4,76,24
상의,디스이즈네버댓,35,32,15,7,3,8,44,56
상의,리,31,16,18,17,10,8,54,46
상의,노이어,14,31,33,14,4,4,95,5
상의,무신사 스탠다드,14,14,23,19,17,13,88,12
상의,알브이디,19,34,28,12,4,3,95,5
상의,라퍼지스토어,18,24,31,17,6,4,80,20
상의,암피스트,14,14,26,21,18,7,88,12
상의,마리떼,13,27,33,14,6,7,12,88
상의,마르디 메크르디,27,12,19,13,11,18,7,93
상의,닉앤니콜,16,40,25,10,4,5,5,95
상의,낫유어엑스엑스엑스 바이 낫유어로즈,19,51,21,4,2,3,4,96
상의,무신사 스탠다드,14,20,29,20,10,7,86,14
상의,위캔더스,8,28,27,19,8,10,74,26
상의,알브이디,17,31,28,15,5,4,94,6
상의,와릿이즌,38,26,13,5,4,14,49,51
상의,엘무드,14,24,33,19,6,4,95,5
상의,다이애그널,28,28,32,9,1,2,8,92
상의,피지컬 에듀케이션 디파트먼트,29,35,20,7,3,6,37,63
상의,밈더워드로브,14,24,38,17,5,2,92,8
상의,무신사 스탠다드,11,18,31,21,11,8,80,20
상의,리,48,25,9,3,2,13,38,62
상의,무신사 스탠다드,18,28,24,13,6,11,6,94
상의,무신사 스탠다드,11,18,29,21,12,9,85,15
상의,로맨틱크라운,16,49,24,4,2,5,9,91
상의,인템포무드,18,28,31,15,4,4,92,8
상의,커버낫,32,24,16,10,6,12,58,42
상의,코드그라피,43,22,17,8,4,6,60,40
상의,플랙,16,19,27,21,11,6,94,6
상의,우알롱,32,40,17,4,1,6,37,63
상의,예스아이씨,51,28,9,3,1,8,52,48
상의,넷소셜클럽,24,15,19,20,8,14,37,63
상의,세컨모놀로그,12,22,36,16,8,6,77,23
상의,무신사 스탠다드,24,23,23,15,7,8,85,15
상의,배드블러드,39,39,14,3,1,4,4,96
상의,주앙옴므,11,24,36,18,5,6,96,4
상의,무신사 스탠다드,14,27,30,16,7,6,83,17
상의,아웃스탠딩,24,35,22,8,5,6,74,26
상의,유니폼브릿지,17,37,29,9,4,4,84,16
상의,비바스튜디오,30,34,21,7,3,5,53,47
상의,패블러스아카이브,31,34,15,6,5,9,13,87
상의,지프,26,15,20,17,10,12,47,53
상의,애드오프,15,25,38,16,3,3,89,11
상의,엑스톤즈,17,41,24,9,4,5,64,36
상의,엠엘비,26,23,17,10,7,17,59,41
상의,마르디 메크르디,23,44,20,5,3,5,4,96
상의,애습,11,21,41,20,5,2,89,11
상의,배드블러드,16,20,27,19,12,6,12,88
상의,페플,29,32,18,7,4,10,64,36
상의,타미진스,14,23,24,27,10,2,45,55
상의,엄브로,21,18,28,15,8,10,60,40
상의,레이브,21,27,23,13,8,8,6,94
상의,비전스트릿웨어,32,31,21,7,3,6,57,43
상의,네이키드니스,37,33,13,6,3,8,21,79
상의,브렌슨,19,31,26,13,5,6,83,17
상의,무신사 스탠다드,24,23,23,15,7,8,85,15
상의,리,48,25,9,3,2,13,38,62
상의,캉골,22,37,22,8,4,7,57,43
상의,마르디 메크르디 악티프,32,9,13,9,14,23,6,94
상의,필루미네이트,23,30,22,12,5,8,68,32
상의,무신사 스탠다드,12,16,30,19,12,11,93,7
상의,엑스톤즈,22,31,32,11,2,2,85,15
상의,토마스모어,11,26,36,16,7,4,88,12
상의,페플,17,27,29,15,6,6,89,11
상의,무신사 스탠다드,20,26,24,15,9,6,89,11
상의,와릿이즌,43,19,10,5,3,20,38,62
상의,닉앤니콜,15,59,18,3,1,4,2,98
상의,프렌다,17,47,26,4,2,4,3,97
상의,애드오프,12,31,36,12,5,4,81,19
상의,로맨틱 파이어리츠,16,24,29,17,9,5,93,7
상의,지프,28,22,22,11,5,12,50,50
상의,파르티멘토,34,19,19,14,6,8,55,45
상의,무신사 스탠다드,7,15,29,23,15,11,94,6
상의,엑스트라오디너리,21,24,24,13,9,9,90,10
상의,벤 데이비스,21,46,21,6,2,4,79,21
상의,예일,31,30,16,8,5,10,37,63
상의,레이어 유니온,27,37,20,7,3,6,81,19
상의,인사일런스,18,21,29,18,8,6,89,11
상의,엑스톤즈,19,38,24,9,4,6,77,23
상의,커버낫,53,18,8,4,3,14,45,55
상의,러닝하이,17,57,18,3,2,3,3,97
상의,지프,21,22,21,14,10,12,45,55
상의,무신사 스탠다드,17,23,26,19,9,6,85,15
상의,마르디 메크르디,25,21,21,11,8,14,6,94
상의,로맨틱크라운,19,27,28,14,6,6,48,52
상의,미니멀프로젝트,17,22,21,16,12,12,79,21
상의,패블러스아카이브,22,30,25,12,4,7,6,94
상의,논스탁,20,5,27,13,17,18,96,4
상의,비슬로우,17,14,26,25,12,6,75,25
상의,노이어,18,32,32,11,4,3,92,8
상의,러브이즈트루,28,45,15,4,1,7,4,96
상의,라퍼지스토어,28,20,20,15,9,8,65,35
상의,코드그라피,38,24,11,7,4,16,35,65
상의,브라운브레스,34,35,14,5,3,9,38,62
상의,예일,39,26,14,6,2,13,45,55
상의,꼼파뇨,26,35,20,7,4,8,17,83
상의,러브이즈트루,28,46,16,3,1,6,3,97
상의,제멋,18,36,23,11,5,7,77,23
상의,낫유어엑스엑스엑스 바이 낫유어로즈,19,51,21,4,2,3,4,96
상의,코드그라피,20,20,19,18,13,10,59,41
상의,마리떼,14,32,28,12,6,8,15,85
상의,어텐션로우,20,31,22,7,8,12,70,30
상의,닉앤니콜,16,40,25,10,4,5,5,95
상의,피지컬 에듀케이션 디파트먼트,29,34,20,7,3,7,38,62
상의,어텐션로우,13,16,25,18,13,15,86,14
상의,베르노,20,22,31,16,5,6,86,14
상의,노매뉴얼,29,29,24,9,5,4,86,14
상의,메종미네드,20,34,25,11,4,6,74,26
상의,디스이즈네버댓,16,19,16,28,14,7,81,19
상의,아노블리어,15,26,30,17,8,4,91,9
상의,리,53,24,9,3,2,9,40,60
상의,푸마 셀렉트,20,13,24,25,11,7,84,16
상의,브라운브레스,40,28,12,7,4,9,45,55
상의,노매뉴얼,36,38,14,4,2,6,64,36
상의,폴로 랄프 로렌,19,20,33,20,5,3,77,23
상의,아노블리어,16,24,30,17,7,6,88,12
상의,넷소셜클럽,24,15,19,20,8,14,37,63
상의,트릴리온,16,28,24,18,8,6,92,8
상의,퍼스텝,38,31,16,6,3,6,68,32
상의,인템포무드,18,28,31,15,4,4,92,8
상의,알브이디,19,34,28,12,4,3,95,5
상의,로얄라이프,27,27,20,11,6,9,50,50
상의,어반스터프,39,33,16,5,2,5,61,39
상의,와릿이즌,48,27,9,3,2,11,31,69
상의,와릿이즌,38,29,14,5,3,11,29,71
상의,네스티팬시클럽,27,51,16,2,0,4,2,98
상의,유니폼브릿지,17,37,29,9,4,4,84,16
상의,무신사 스탠다드,14,27,30,16,7,6,83,17
상의,칼하트,37,36,14,6,3,4,66,34
상의,예일,31,29,15,7,4,14,44,56
상의,노매뉴얼,33,42,17,3,1,4,76,24
상의,마하그리드,34,21,18,8,6,13,45,55
상의,집시,31,21,22,11,7,8,82,18
상의,세컨모놀로그,12,22,36,16,8,6,77,23
상의,커버낫,29,19,12,11,12,17,56,44
상의,비전스트릿웨어,32,31,21,7,3,6,57,43
상의,네이키드니스,37,33,13,6,3,8,21,79
상의,브렌슨,19,31,26,13,5,6,83,17
상의,무신사 스탠다드,24,23,23,15,7,8,85,15
상의,리,48,25,9,3,2,13,38,62
상의,캉골,22,37,22,8,4,7,57,43
상의,마르디 메크르디 악티프,32,9,13,9,14,23,6,94
상의,필루미네이트,23,30,22,12,5,8,68,32
상의,무신사 스탠다드,12,16,29,20,12,11,93,7
상의,엑스톤즈,22,31,32,11,2,2,85,15
상의,토마스모어,11,26,36,16,7,4,88,12
상의,페플,17,27,29,15,6,6,89,11
상의,무신사 스탠다드,20,26,24,15,9,6,89,11
상의,와릿이즌,43,19,10,5,3,20,38,62
상의,닉앤니콜,15,59,18,3,1,4,2,98
상의,프렌다,17,47,26,4,2,4,3,97
상의,애드오프,12,31,36,12,5,4,81,19
상의,로맨틱 파이어리츠,16,24,29,17,9,5,93,7
상의,지프,28,22,22,11,5,12,50,50
상의,파르티멘토,34,19,19,14,6,8,55,45
상의,무신사 스탠다드,7,15,29,23,15,11,94,6
상의,엑스트라오디너리,21,24,24,13,9,9,90,10
상의,벤 데이비스,21,46,21,6,2,4,79,21
상의,예일,31,30,16,8,5,10,37,63
상의,레이어 유니온,27,37,20,7,3,6,81,19
상의,인사일런스,18,21,29,18,8,6,89,11
상의,엑스톤즈,19,38,24,9,4,6,77,23
상의,커버낫,53,18,8,4,3,14,45,55
상의,러닝하이,17,57,18,3,2,3,3,97
상의,지프,21,22,21,14,10,12,45,55
상의,무신사 스탠다드,17,23,26,19,9,6,85,15
상의,마르디 메크르디,25,21,21,11,8,14,6,94
상의,로맨틱크라운,19,27,28,14,6,6,48,52
상의,미니멀프로젝트,17,22,21,16,12,12,79,21
상의,패블러스아카이브,22,30,25,12,4,7,6,94
상의,논스탁,20,5,27,13,17,18,96,4
상의,비슬로우,17,14,26,25,12,6,75,25
상의,노이어,18,32,32,11,4,3,92,8
상의,러브이즈트루,28,45,15,4,1,7,4,96
상의,라퍼지스토어,28,20,20,15,9,8,65,35
상의,코드그라피,38,24,11,7,4,16,35,65
상의,브라운브레스,34,35,14,5,3,9,38,62
상의,예일,39,26,14,6,2,13,45,55
상의,꼼파뇨,26,35,20,7,4,8,17,83
상의,러브이즈트루,28,46,16,3,1,6,3,97
상의,제멋,18,36,23,11,5,7,77,23
상의,낫유어엑스엑스엑스 바이 낫유어로즈,19,51,21,4,2,3,4,96
상의,코드그라피,20,20,19,18,13,10,59,41
상의,마리떼,14,32,28,12,6,8,15,85
상의,어텐션로우,20,31,22,7,8,12,70,30
상의,닉앤니콜,16,40,25,10,4,5,5,95
상의,피지컬 에듀케이션 디파트먼트,29,34,20,7,3,7,38,62
상의,어텐션로우,13,16,25,18,13,15,86,14
상의,베르노,20,22,31,16,5,6,86,14
상의,노매뉴얼,29,29,24,9,5,4,86,14
상의,메종미네드,20,34,25,11,4,6,74,26
상의,디스이즈네버댓,16,19,16,28,14,7,81,19
상의,아노블리어,15,26,30,17,8,4,91,9
상의,리,53,24,9,3,2,9,40,60
상의,푸마 셀렉트,20,13,24,25,11,7,84,16
상의,브라운브레스,40,28,12,7,4,9,45,55
상의,노매뉴얼,36,38,14,4,2,6,64,36
상의,폴로 랄프 로렌,19,20,33,20,5,3,77,23
상의,아노블리어,16,24,30,17,7,6,88,12
상의,넷소셜클럽,24,15,19,20,8,14,37,63
상의,트릴리온,16,28,24,18,8,6,92,8
상의,퍼스텝,38,31,16,6,3,6,68,32
상의,인템포무드,18,28,31,15,4,4,92,8
상의,알브이디,19,34,28,12,4,3,95,5
상의,로얄라이프,27,27,20,11,6,9,50,50
상의,어반스터프,39,33,16,5,2,5,61,39
상의,와릿이즌,48,27,9,3,2,11,31,69
상의,와릿이즌,38,29,14,5,3,11,29,71
상의,네스티팬시클럽,27,51,16,2,0,4,2,98
상의,유니폼브릿지,17,37,29,9,4,4,84,16
상의,무신사 스탠다드,14,27,30,16,7,6,83,17
상의,칼하트,37,36,14,6,3,4,66,34
상의,예일,31,29,15,7,4,14,44,56
상의,노매뉴얼,33,42,17,3,1,4,76,24
상의,스파오,35,25,19,8,4,9,45,55
상의,엠엔지유,19,27,32,11,6,5,85,15
상의,로맨틱크라운,24,28,24,12,6,6,28,72
상의,무신사 스탠다드,14,20,29,20,10,7,86,14
상의,노매뉴얼,35,37,16,4,2,6,55,45
상의,마리떼,15,37,31,10,3,4,10,90
상의,도미넌트,26,33,21,8,4,8,63,37
상의,필루미네이트,24,24,26,12,7,7,69,31
상의,지프,28,18,22,14,8,10,51,49
상의,이벳필드,38,27,12,6,5,12,47,53
상의,라퍼지스토어,28,20,20,15,9,8,65,35
상의,예일,23,31,21,10,6,9,66,34
상의,노이어,18,32,32,11,4,3,92,8
상의,무신사 스탠다드,12,18,29,21,12,8,88,12
상의,엑스톤즈,19,38,24,9,4,6,77,23
상의,마르디 메크르디,41,21,16,7,5,10,12,88
상의,비슬로우,17,14,26,25,12,6,75,25
상의,리트리버클럽,33,31,21,8,3,4,38,62
상의,와릿이즌,33,25,13,6,5,18,40,60
상의,와릿이즌,51,21,10,5,3,10,19,81
상의,트릴리온,20,44,23,5,2,6,68,32
상의,러닝하이,17,57,18,3,2,3,3,97
상의,예스아이씨,41,38,10,2,1,8,47,53
상의,디스이즈네버댓,13,32,29,16,4,6,55,45
상의,엄브로,20,16,21,11,21,11,50,50
상의,무신사 스탠다드,19,21,28,17,9,6,89,11
상의,하이스쿨디스코,16,41,27,10,3,3,3,97
상의,칼하트,37,36,14,6,3,4,66,34
상의,로맨틱크라운,19,27,28,14,6,6,48,52
상의,아노블리어,15,26,30,17,8,4,91,9
상의,커버낫,27,21,15,12,9,16,52,48
상의,애드오프,25,23,33,11,3,5,89,11
상의,예일,27,32,21,7,5,8,65,35
상의,엑스톤즈,22,31,32,11,2,2,85,15
상의,배드블러드,16,20,27,19,12,6,12,88
상의,패블러스아카이브,31,34,15,6,5,9,13,87
상의,메인부스,24,25,23,13,8,7,25,75
상의,코드그라피,38,24,11,7,4,16,35,65
상의,코드그라피,20,20,19,18,13,10,59,41
상의,타미진스,14,23,24,27,10,2,45,55
상의,아메스 월드와이드,34,20,16,11,8,11,26,74
상의,벤 데이비스,21,46,21,6,2,4,79,21
상의,라운지에이피티,19,13,39,10,11,8,77,23
상의,파르티멘토,34,19,19,14,6,8,56,44
상의,와릿이즌,38,26,13,5,4,14,49,51
상의,노매뉴얼,21,41,25,7,3,3,82,18
상의,와릿이즌,46,25,9,3,2,15,44,56
상의,이벳필드,36,17,15,13,11,8,56,44
상의,어반드레스,14,48,26,6,2,4,5,95
상의,꼼파뇨,26,35,20,7,4,8,17,83
상의,어반스터프,43,32,12,5,2,6,77,23
상의,리,53,24,9,3,2,9,40,60
상의,이에스엔,27,27,21,13,7,5,93,7
상의,아디다스,32,18,18,9,8,15,40,60
상의,예일,27,24,19,12,6,12,56,44
상의,팔렛,34,39,10,3,1,13,22,78
상의,어텐션로우,20,31,22,7,8,12,70,30
상의,와릿이즌,21,25,23,13,5,13,57,43
상의,캘빈클라인 진,36,42,14,2,1,5,6,94
상의,엠엠엘지,23,37,22,7,4,7,27,73
상의,예일,27,23,17,13,6,14,51,49
상의,굿라이프웍스,17,30,23,15,8,7,72,28
상의,커버낫,29,25,18,11,5,12,55,45
상의,비전스트릿웨어,35,39,14,6,1,5,37,63
상의,1993스튜디오,33,30,20,10,3,4,71,29
상의,웬스데이딜라잇,19,17,28,26,4,6,2,98
상의,코닥,31,11,7,7,16,28,45,55
상의,폴로 랄프 로렌,20,20,28,21,8,3,78,22
상의,어반디타입,28,31,23,9,3,6,69,31
상의,무신사 스탠다드,15,23,28,16,10,8,89,11
상의,아노블리어,16,24,30,17,7,6,88,12
상의,폴로 랄프 로렌,16,29,33,15,4,3,82,18
상의,예일,31,30,16,8,5,10,37,63
상의,지프,26,24,24,14,6,6,51,49
상의,라퍼지 포 우먼,19,26,24,15,7,9,4,96
상의,지프,21,22,21,14,10,12,45,55
상의,어반스터프,39,33,16,5,2,5,61,39
상의,와릿이즌,47,28,9,3,2,11,31,69
상의,마르디 메크르디,32,32,16,6,4,10,6,94
상의,어반디타입,24,29,25,12,4,6,64,36
상의,엠엠지엘,12,32,35,13,5,3,92,8
상의,탑텐,24,28,25,12,6,5,78,22
상의,레이어 유니온,27,37,20,7,3,6,81,19
상의,마하그리드,31,33,21,7,3,5,28,72
상의,주앙옴므,12,25,34,19,5,5,96,4
상의,어반디타입,26,32,20,10,5,7,41,59
상의,아디다스,24,41,24,6,2,3,9,91
상의,무신사 스탠다드,15,18,27,19,12,9,88,12
상의,니티드,14,29,31,18,3,5,69,31
상의,커버낫,29,19,12,11,12,17,56,44
상의,마하그리드,34,21,18,8,6,13,45,55
상의,그레이버,26,24,21,10,9,10,53,47
상의,꼼파뇨,33,30,19,6,4,8,43,57
상의,집시,31,21,22,11,7,8,82,18
상의,모어쥬드,24,11,16,13,26,10,3,97
상의,커버낫,27,16,16,16,13,12,64,36
상의,아디다스,22,39,23,9,2,5,3,97
상의,마뗑킴,16,52,25,4,1,2,5,95
상의,어반디타입,31,24,20,12,5,8,64,36
상의,에씨드슬라이드,23,22,18,10,6,21,35,65
상의,예일,37,32,14,6,2,9,58,42
상의,브라운브레스,40,28,12,7,4,9,45,55
상의,그루브라임,33,27,14,9,5,12,57,43
상의,라퍼지스토어,16,21,32,16,7,8,87,13
상의,1993스튜디오,35,26,19,11,3,6,59,41
상의,칼하트WIP,20,17,37,12,9,5,81,19
상의,예일,37,30,16,7,2,8,65,35
상의,팔렛,24,33,24,8,5,6,49,51
상의,꼼파뇨,23,30,20,11,6,10,58,42
상의,니티드,32,17,25,14,6,6,81,19
상의,팔렛,28,43,16,5,2,6,27,73
상의,피지컬 에듀케이션 디파트먼트,29,34,20,7,3,7,38,62
상의,스컬프터,22,49,20,3,1,5,7,93
상의,칼하트,41,32,14,7,2,4,76,24
상의,엘엠씨,44,35,10,2,1,8,38,62
상의,내셔널지오그래픽,30,32,16,5,6,11,58,42
상의,나이키,42,32,10,5,4,7,68,32
상의,엠엠엘지,43,29,13,4,3,8,49,51
상의,드로우핏,16,19,26,21,12,6,93,7
상의,던스트 포 우먼,8,33,42,14,2,1,4,96
상의,트리플에이,22,27,25,14,6,6,86,14
상의,노매뉴얼,29,38,19,7,2,5,62,38
상의,스컬프터,22,54,18,2,1,3,3,97
상의,아노블리어,18,30,22,12,10,8,90,10
상의,패블러스아카이브,22,30,25,12,4,7,6,94
상의,어텐션로우,13,16,25,18,13,15,86,14
상의,낫유어엑스엑스엑스 바이 낫유어로즈,19,52,21,5,1,2,3,97
상의,커버낫,35,20,17,10,6,12,55,45
상의,꼼파뇨,24,24,18,10,7,17,28,72
상의,논스탁,20,5,27,13,17,18,96,4
상의,프렌다,20,39,20,9,4,8,4,96
상의,트립션,34,33,16,6,5,6,75,25
상의,디스이즈네버댓,17,34,27,12,5,5,58,42
상의,리,41,26,12,6,4,11,38,62
상의,인사일런스,18,21,29,18,8,6,89,11
상의,메종미네드,12,27,38,13,4,6,88,12
상의,필루미네이트,23,30,22,12,5,8,68,32
상의,다이아몬드 레이라,15,17,31,26,8,3,81,19
상의,레터프롬문,20,36,21,10,6,7,4,96
상의,어반드레스,20,27,24,17,8,4,85,15
상의,드로우핏,24,29,25,14,4,4,89,11
상의,마르디 메크르디,23,32,23,8,5,9,5,95
상의,라퍼지스토어,41,19,14,15,10,1,61,39
상의,커버낫,22,16,23,15,12,12,45,55
상의,로맨틱크라운,16,33,25,12,6,8,48,52
상의,유니폼브릿지,17,37,29,9,4,4,84,16
상의,테이크이지,9,29,36,17,5,4,75,25
상의,커버낫,29,22,19,14,6,10,38,62
상의,드로우핏,16,15,29,22,12,6,93,7
상의,어썸스튜디오,25,40,21,7,2,5,3,97
상의,네스티팬시클럽,27,51,16,2,0,4,2,98
상의,인템포무드,18,28,31,15,4,4,92,8
상의,후아유,26,28,24,13,5,4,69,31
상의,커버낫,23,20,20,10,11,16,59,41
상의,커버낫,25,24,19,11,8,13,52,48
상의,예일,39,26,14,6,2,13,45,55
상의,필루미네이트,31,16,32,11,5,5,73,27
상의,넷소셜클럽,24,15,19,20,8,14,37,63
상의,타입서비스,18,42,28,7,2,3,5,95
상의,이스트쿤스트,46,30,10,3,2,9,15,85
상의,티떠블유엔,45,29,14,4,1,7,58,42
상의,와릿이즌,35,26,16,6,4,13,49,51
상의,팔렛,27,36,19,5,5,8,33,67
상의,필루미네이트,16,30,29,14,6,5,69,31
상의,에스파이,25,35,20,10,4,6,90,10
상의,세터,16,26,30,14,7,7,78,22
상의,인템포무드,19,31,28,13,5,4,91,9
상의,메종미네드,12,30,33,15,6,4,89,11
상의,엠엠엘지,17,36,30,10,3,4,14,86
상의,코닥,22,20,23,12,13,10,49,51
상의,커버낫,17,25,28,16,7,7,71,29
상의,알브이디,23,23,30,15,5,4,92,8
상의,엑스톤즈,14,31,33,15,4,3,83,17
상의,엘엠씨,33,39,16,4,2,6,42,58
상의,리트리버클럽,33,33,22,6,1,5,59,41
상의,탑텐,24,28,25,12,6,5,78,22
상의,와이케이,16,19,29,14,8,14,33,67
상의,엠엠엘지,23,39,23,5,4,6,25,75
상의,예일,21,30,25,12,6,6,74,26
상의,챔피온,34,25,18,10,5,8,60,40
상의,어반드레스,20,24,24,18,7,7,70,30
상의,커버낫,24,11,25,19,12,9,30,70
상의,노매뉴얼,26,39,22,6,1,6,63,37
상의,1993스튜디오,31,29,21,11,3,5,69,31
상의,리,28,25,16,12,8,11,48,52
상의,멜란지 마스터,14,23,23,16,9,15,78,22
상의,플루크,14,18,15,14,14,25,47,53
상의,폴로 랄프 로렌,16,29,33,15,4,3,82,18
상의,라퍼지스토어,22,25,22,14,9,8,60,40
상의,이스트쿤스트,24,40,21,6,3,6,9,91
상의,노매뉴얼,35,37,16,4,2,6,55,45
상의,인사일런스,11,14,36,26,9,4,98,2
상의,골스튜디오,14,19,38,11,7,11,74,26
상의,예일,24,30,22,9,5,10,54,46
상의,에이카화이트,19,16,27,17,15,6,91,9
상의,무신사 스탠다드,12,14,29,23,12,10,91,9
상의,엘엠씨,33,33,18,7,2,7,46,54
상의,스파오,40,22,20,9,3,6,32,68
상의,앤더슨벨 포 우먼,9,29,35,14,6,7,11,89
상의,리트리버클럽,23,23,20,13,9,12,51,49
상의,카멜워크,18,23,23,13,9,14,66,34
상의,에스피오나지,16,16,26,19,15,8,88,12
상의,마뗑킴,18,52,24,3,1,2,5,95
상의,어반드레스,14,32,28,15,6,5,75,25
상의,엠엠엘지,20,30,26,17,4,3,40,60
상의,트릴리온,23,25,19,13,8,12,70,30
상의,길단,30,24,23,13,6,4,83,17
상의,엘엠씨,41,28,15,5,5,6,41,59
상의,푸마 셀렉트,28,18,25,15,7,7,87,13
상의,수아레,14,20,32,22,8,4,90,10
상의,브라바도,31,33,15,8,5,8,66,34
상의,그레이버,22,30,16,10,8,14,47,53
상의,스컬프터,15,57,20,4,1,3,2,98
상의,예일,23,31,21,10,6,9,66,34
상의,커버낫,13,17,29,25,9,7,61,39
상의,나이키,50,25,6,3,2,14,13,87
상의,브라바도,38,34,5,2,3,18,89,11
상의,블론드나인,11,28,32,15,8,6,84,16
상의,나이스고스트클럽,32,39,17,4,2,6,22,78
상의,무신사 스탠다드,20,23,30,16,6,5,94,6
상의,예스아이씨,21,37,24,9,4,5,75,25
상의,마리떼,13,27,33,14,6,7,12,88
상의,라이프워크,65,10,2,1,4,18,40,60
상의,패슬,34,48,11,1,0,6,26,74
상의,필루미네이트,17,25,28,19,7,4,50,50
상의,1993스튜디오,35,26,19,11,3,6,59,41
상의,캉골,22,37,22,8,4,7,57,43
상의,챔피온 아시아,18,27,22,15,7,11,62,38
상의,예일,27,24,19,12,6,12,56,44
상의,엄브로,20,16,21,11,21,11,50,50
상의,하이스쿨디스코,16,41,27,10,3,3,3,97
상의,무신사 스탠다드,24,23,23,15,7,8,85,15
상의,예스아이씨,25,39,21,7,3,5,60,40
상의,알브이디,26,14,36,15,6,3,96,4
상의,예일,27,32,21,7,5,8,65,35
상의,디스이즈네버댓,13,32,29,16,4,6,55,45
상의,그루브라임,33,32,17,6,3,9,47,53
상의,리,27,28,22,8,4,11,36,64
상의,애드오프,25,23,33,11,3,5,89,11
상의,꼼파뇨,24,30,22,9,5,10,43,57
상의,마르디 메크르디,32,32,16,6,4,10,6,94
상의,엄브로,21,18,28,15,8,10,60,40
상의,네이키드니스,37,33,13,6,3,8,21,79
상의,라운지에이피티,19,13,39,10,11,8,77,23
상의,락케이크,40,38,15,2,1,4,5,95
상의,아메스 월드와이드,34,20,16,11,8,11,26,74
상의,아모멘토,35,6,31,18,7,3,4,96
상의,와릿이즌,21,25,23,13,5,13,57,43
상의,이벳필드,36,17,15,13,11,8,56,44
상의,파르티멘토,21,25,27,14,7,6,71,29
상의,토피,40,27,16,7,2,8,83,17
상의,어반드레스,17,27,27,16,7,6,88,12
상의,노이어,18,32,32,11,4,3,92,8
상의,퍼스텝,21,24,19,13,11,12,76,24
상의,커버낫,22,26,21,12,6,13,43,57
상의,팔렛,34,39,10,3,1,13,22,78
상의,예일,23,31,26,10,4,6,55,45
상의,더니트컴퍼니,23,10,34,23,6,4,93,7
상의,리,36,34,14,5,3,8,33,67
상의,낫유어엑스엑스엑스 바이 낫유어로즈,15,37,32,11,3,2,3,97
상의,엘엠씨,51,25,8,3,2,11,43,57
상의,코닥,31,11,7,7,16,28,45,55
상의,예일,27,23,17,13,6,14,51,49
상의,페플,19,25,28,15,7,6,74,26
상의,배드인배드,37,30,16,3,7,7,31,69
상의,트릴리온,20,44,23,5,2,6,68,32
상의,인사일런스,13,22,31,21,8,5,93,7
상의,에씨드슬라이드,23,22,18,10,6,21,35,65
상의,론론,21,30,24,12,6,7,4,96
상의,무신사 스탠다드,12,18,29,21,12,8,88,12
상의,레이브,21,27,23,13,8,8,6,94
상의,더콜디스트모먼트,31,47,15,2,1,4,34,66
상의,세터,17,26,34,14,6,3,89,11
상의,토피,39,29,15,7,3,7,85,15
상의,페플,28,40,17,5,3,7,81,19
상의,라퍼지 포 우먼,19,26,24,15,7,9,4,96
상의,마하그리드,31,33,21,7,3,5,29,71
상의,파르티멘토,71,6,8,7,4,4,62,38
상의,무신사 스탠다드,19,21,28,17,9,6,89,11
상의,커스텀어클락,13,23,29,21,8,6,87,13
상의,페플,21,23,30,18,4,4,76,24
상의,아메스 월드와이드,29,31,15,8,7,10,12,88
상의,어반디타입,28,31,23,9,3,6,69,31
상의,지프,29,20,22,16,6,7,59,41
상의,무신사 스탠다드,16,27,25,14,9,9,78,22
상의,스파오,35,24,19,9,4,9,45,55
상의,파르티멘토,24,25,21,13,6,11,54,46
상의,어반디타입,24,29,25,12,4,6,64,36
상의,아노블리어,15,26,30,17,8,4,91,9
상의,엑스트라오디너리,21,24,24,13,9,9,90,10
상의,커스텀어클락,13,21,29,21,8,8,91,9
상의,주앙옴므,12,25,34,19,5,5,96,4
상의,더콜디스트모먼트,32,46,13,2,0,7,18,82
상의,브라운브레스,29,34,16,6,4,11,47,53
상의,나이스고스트클럽,26,27,28,11,3,5,34,66
상의,닉앤니콜,10,25,34,18,5,8,4,96
상의,와릿이즌,38,23,14,6,4,15,41,59
상의,도미넌트,20,28,28,10,7,7,53,47
상의,무신사 스탠다드,11,17,30,21,13,8,85,15
상의,꼼파뇨,33,30,19,6,4,8,43,57
상의,커버낫,53,18,8,4,3,14,45,55
상의,어반디타입,26,32,20,10,5,7,41,59
상의,그레이버,26,24,21,10,9,10,53,47
상의,엘엠씨,27,24,25,9,6,9,61,39
상의,엘엠씨,52,25,10,2,4,7,38,62
상의,엔에프엘,23,26,16,7,4,24,45,55
상의,와릿이즌,33,25,13,6,5,18,40,60
상의,니티드,14,29,31,18,3,5,69,31
상의,아워스코프,17,26,34,15,5,3,93,7
상의,꼼데가르송,38,29,22,6,2,3,63,37
상의,커버낫,27,16,16,16,13,12,64,36
상의,모어쥬드,24,11,16,13,26,10,3,97
상의,폴로 랄프 로렌,37,30,21,7,1,4,11,89
상의,로맨틱크라운,16,33,25,12,6,8,48,52
상의,라퍼지스토어,28,20,20,15,9,8,65,35
상의,파르티멘토,24,23,26,15,7,5,68,32
상의,엘엠씨,27,33,24,9,2,5,42,58
상의,어반스터프,33,29,15,5,5,13,60,40
상의,지프,38,20,17,9,2,14,33,67
상의,마하그리드,22,34,17,8,7,12,25,75
상의,어반드레스,15,31,30,15,4,5,86,14
상의,엘엠씨,21,30,27,9,5,8,69,31
상의,어반디타입,31,24,20,12,5,8,64,36
상의,리,53,24,9,3,2,9,40,60
상의,리,25,31,23,7,7,7,29,71
상의,라퍼지스토어,16,21,32,16,7,8,87,13
상의,엘엠씨,34,36,17,5,2,6,42,58
상의,칼하트WIP,20,17,37,12,9,5,81,19
상의,에잇세컨즈,13,38,26,14,6,3,95,5
상의,프렌다,17,47,26,4,2,4,3,97
상의,나이키,42,32,10,5,4,7,68,32
상의,로맨틱크라운,19,27,28,14,6,6,48,52
상의,라퍼지스토어,41,19,14,15,10,1,61,39
상의,브라바도,33,39,16,5,2,5,59,41
상의,캉골,29,36,20,6,2,7,41,59
상의,코드그라피,38,24,11,7,4,16,35,65
상의,꼼파뇨,25,39,20,6,2,8,17,83
상의,와릿이즌,51,21,10,5,3,10,19,81
상의,라티젠,18,31,24,12,6,9,5,95
상의,예일,22,30,25,11,4,8,53,47
상의,비슬로우,17,14,26,25,12,6,75,25
상의,팔렛,24,33,24,8,5,6,49,51
상의,아카이브 볼드,33,48,10,1,1,7,5,95
상의,러닝하이,17,57,18,3,2,3,3,97
상의,엠엠엘지,23,37,22,7,4,7,27,73
상의,어반스터프,43,32,12,5,2,6,77,23
상의,에이치덱스,30,32,22,8,6,2,92,8
상의,니티드,32,17,25,14,6,6,81,19
상의,어피스오브케이크,20,35,28,11,2,4,11,89
상의,스컬프터,22,49,20,3,1,5,7,93
상의,와릿이즌,40,27,11,3,3,16,43,57
상의,일꼬르소,24,12,21,20,15,8,91,9
상의,노매뉴얼,21,40,26,7,3,3,82,18
상의,베리베인,25,21,22,17,8,7,89,11
상의,파르티멘토,34,19,19,14,6,8,56,44
상의,노매뉴얼,29,38,19,7,2,5,62,38
상의,코드그라피,20,20,19,18,13,10,59,41
상의,꼼파뇨,26,35,20,7,4,8,17,83
상의,메인부스,24,25,23,13,8,7,25,75
상의,파마컬렉션,23,41,25,7,1,3,8,92
상의,예일,37,30,16,7,2,8,65,35
상의,던스트 포 우먼,8,33,42,14,2,1,4,96
상의,무신사 스탠다드,13,33,27,12,6,9,4,96
상의,패블러스아카이브,19,29,29,12,5,6,6,94
상의,아디다스,32,18,18,9,8,15,40,60
상의,벤 데이비스,21,46,21,6,2,4,79,21
상의,커버낫,35,20,17,10,6,12,55,45
상의,본챔스,36,31,16,7,3,7,19,81
상의,프렌다,20,39,20,9,4,8,4,96
상의,유라고,10,29,34,16,4,7,8,92
상의,휠라,23,29,21,9,8,10,40,60
상의,그루브라임,33,27,14,9,5,12,57,43
상의,플레어업,41,15,11,9,10,14,51,49
상의,멜란지 마스터,15,19,22,12,14,18,80,20
상의,굿라이프웍스,17,30,23,15,8,7,72,28
상의,니티드,15,33,28,13,5,6,79,21
상의,엠엠엘지,43,29,13,4,3,8,49,51
상의,무신사 스탠다드,17,19,28,14,10,12,6,94
상의,아디다스,19,35,27,11,3,5,3,97
상의,커버낫,22,16,23,15,12,12,45,55
상의,커버낫,29,22,19,14,6,10,38,62
상의,카멜워크,20,21,21,16,11,11,70,30
상의,랑가주망,23,35,20,11,4,7,62,38
상의,어텐션로우,20,31,22,7,8,12,70,30
상의,테이크이지,9,29,36,17,5,4,75,25
상의,그레이버,21,18,24,12,10,15,36,64
상의,마르디 메크르디,23,32,23,8,5,9,5,95
상의,어썸스튜디오,25,40,21,7,2,5,3,97
상의,트래블,20,20,23,16,9,12,41,59
상의,나이스고스트클럽,20,34,29,10,3,4,10,90
상의,필루미네이트,24,24,26,12,7,7,69,31
상의,배디,16,46,26,5,1,6,3,97
상의,브렌슨,24,13,19,17,14,13,74,26
상의,챔피온 아시아,21,28,19,12,6,14,44,56
상의,에잇세컨즈,15,32,31,13,4,5,92,8
상의,디폴트벨류,21,30,21,9,9,10,37,63
상의,해비즘,65,21,8,2,1,3,22,78
상의,세컨모놀로그,14,27,29,17,7,6,75,25
상의,커버낫,23,20,20,10,11,16,59,41
상의,무신사 스탠다드,18,17,23,19,14,9,84,16
상의,아크메드라비,52,11,15,3,2,17,70,30
상의,어피스오브케이크,29,38,19,5,2,7,11,89
상의,꼼파뇨,30,30,16,7,4,13,39,61
아우터,토피,45,29,12,4,2,8,63,37
아우터,에스피오나지,19,24,29,16,7,5,90,10
아우터,무신사 스탠다드,22,25,26,16,6,5,90,10
아우터,문선,19,36,30,8,3,4,85,15
아우터,아모멘토,27,28,28,10,3,4,8,92
아우터,프레리,15,11,27,31,12,4,93,7
아우터,플랙,16,23,34,19,5,3,92,8
아우터,유니온블루,8,13,40,26,9,4,96,4
아우터,코드그라피,32,25,20,11,5,7,64,36
아우터,어반디타입,28,16,20,16,10,10,47,53
아우터,더니트컴퍼니,22,8,37,22,7,4,97,3
아우터,더니트컴퍼니,19,9,27,25,16,4,97,3
아우터,어반디타입,32,20,17,12,8,11,59,41
아우터,도프제이슨,21,21,28,19,7,4,90,10
아우터,와릿이즌,59,11,4,2,2,22,38,62
아우터,세터,20,20,25,19,10,6,87,13
아우터,에스피오나지,14,11,24,27,16,8,92,8
아우터,쿠어,22,26,28,14,5,5,89,11
아우터,디미트리블랙,14,3,7,26,4,46,98,2
아우터,쿠어,13,28,37,14,5,3,93,7
아우터,엘무드,22,29,26,13,5,5,89,11
아우터,무신사 스탠다드,19,26,27,16,7,5,90,10
아우터,커버낫,41,19,13,8,4,15,53,47
아우터,디스커버리 익스페디션,50,8,13,8,5,16,18,82
아우터,더니트컴퍼니,19,7,34,23,12,5,97,3
아우터,51퍼센트,21,19,26,16,12,6,92,8
아우터,쿠어,16,22,33,17,8,4,94,6
아우터,파르티멘토,59,16,12,5,3,5,56,44
아우터,플랙,15,23,37,17,5,3,93,7
아우터,데상트,56,9,10,8,4,13,52,48
아우터,엠엘비,43,23,13,5,2,14,24,76
아우터,토피,42,25,15,6,2,10,64,36
아우터,엄브로,34,10,17,11,7,21,53,47
아우터,르마드,12,27,40,14,4,3,84,16
아우터,노스페이스,37,26,18,9,3,7,63,37
아우터,무신사 스탠다드,18,22,24,18,10,8,90,10
아우터,엄브로,34,19,21,13,4,9,73,27
아우터,리,38,18,15,8,5,16,46,54
아우터,인사일런스,15,32,31,13,5,4,91,9
아우터,엄브로,26,9,15,9,13,28,48,52
아우터,배드블러드,25,27,28,9,5,6,5,95
아우터,어반디타입,32,14,18,14,11,11,58,42
아우터,코오롱스포츠,42,4,11,15,9,19,21,79
아우터,무신사 스탠다드,24,24,24,15,7,6,89,11
아우터,레테르코모,25,38,22,7,3,5,85,15
아우터,무신사 스탠다드,16,13,31,26,10,4,92,8
아우터,어반디타입,24,25,29,11,5,6,53,47
아우터,일꼬르소,27,6,16,22,20,9,91,9
아우터,지프,26,22,22,13,6,11,54,46
아우터,모아,24,12,25,21,13,5,91,9
아우터,엘무드,19,25,29,16,6,5,86,14
아우터,모아,26,10,25,24,12,3,92,8
아우터,후아유,43,10,16,15,8,8,66,34
아우터,아르반,20,29,30,14,4,3,87,13
아우터,챔피온,40,27,16,7,3,7,79,21
아우터,엠엘비,30,21,23,10,3,13,17,83
아우터,언코티드247,20,4,17,33,19,7,94,6
아우터,엘무드,25,28,25,12,5,5,86,14
아우터,무신사 스탠다드,23,24,26,15,6,6,86,14
아우터,쿠어,15,24,33,18,6,4,90,10
아우터,빈트릴,50,10,13,12,8,7,74,26
아우터,넌블랭크,13,17,23,26,14,7,92,8
아우터,세터,18,19,34,19,7,3,92,8
아우터,스파오,59,12,13,7,4,5,61,39
아우터,에프씨엠엠,58,13,8,5,3,13,54,46
아우터,쿠어,20,26,30,15,5,4,86,14
아우터,에스피오나지,13,22,31,21,8,5,93,7
아우터,엘무드,23,27,27,13,5,5,83,17
아우터,폴로 랄프 로렌,42,30,14,5,2,7,53,47
아우터,아디다스,51,13,10,6,5,15,43,57
아우터,노스페이스,36,20,19,10,5,10,60,40
아우터,아르반,21,29,30,12,4,4,87,13
아우터,아디다스,17,19,25,17,11,11,58,42
아우터,트릴리온,26,36,22,8,2,6,78,22
아우터,앤더슨벨 포 우먼,16,44,25,6,3,6,7,93
아우터,무신사 스탠다드,22,27,26,14,6,5,90,10
아우터,엄브로,30,20,19,13,7,11,60,40
아우터,파르티멘토,69,14,9,4,2,2,64,36
아우터,스컬프터,38,49,9,1,0,3,3,97
아우터,와릿이즌,50,17,10,4,3,16,56,44
아우터,문선,20,25,35,13,4,3,82,18
아우터,수아레,16,15,29,25,11,4,91,9
아우터,드로우핏,13,14,31,30,9,3,97,3
아우터,리,53,16,9,3,2,17,28,72
아우터,휠라,36,17,19,15,5,8,60,40
아우터,코드그라피,24,20,25,17,8,6,91,9
아우터,비욘드클로젯,17,12,24,16,17,14,79,21
아우터,아웃도어 프로덕츠,29,8,17,18,12,16,57,43
아우터,스컬프터,35,44,13,2,1,5,3,97
아우터,마리떼,20,26,23,16,7,8,12,88
아우터,노매뉴얼,22,35,27,9,3,4,83,17
아우터,레테르코모,22,35,26,8,3,6,87,13
아우터,베테제,43,21,9,7,5,15,57,43
아우터,브랜디드,17,19,30,17,12,5,95,5
아우터,무신사 스탠다드,35,28,16,7,4,10,63,37
아우터,벤 데이비스,22,39,22,12,3,2,67,33
아우터,커스텀어클락,31,25,21,11,5,7,77,23
아우터,엄브로,27,18,22,16,7,10,58,42
아우터,인사일런스 우먼,19,25,33,12,6,5,11,89
아우터,어반드레스,17,28,25,15,8,7,80,20
아우터,무신사 스탠다드,22,27,26,15,5,5,87,13
아우터,애드오프,22,28,29,14,4,3,85,15
아우터,브아빗,29,32,21,8,3,7,78,22
아우터,널디,49,20,11,6,3,11,37,63
아우터,마뗑킴,21,34,28,10,3,4,27,73
아우터,내셔널지오그래픽,46,10,9,5,5,25,47,53
아우터,마틴플랜,25,15,22,12,17,9,85,15
아우터,무신사 스탠다드,28,14,21,16,9,12,8,92
아우터,맥우드건,23,9,16,9,15,28,26,74
아우터,아메스 월드와이드,38,16,15,10,8,13,37,63
아우터,노스페이스,27,10,19,22,11,11,18,82
아우터,노스페이스,30,21,18,14,6,11,73,27
아우터,아디다스,68,11,5,3,2,11,27,73
아우터,커버낫,21,19,30,16,5,9,54,46
아우터,아르반,16,26,33,16,5,4,88,12
아우터,널디,47,23,9,6,2,13,29,71
아우터,도프제이슨,18,34,27,13,4,4,85,15
아우터,무신사 스탠다드,12,7,37,22,12,10,96,4
아우터,인템포무드,19,36,26,10,4,5,90,10
아우터,스컬프터,26,41,22,5,1,5,17,83
아우터,줄리아페페,50,13,13,11,4,9,6,94
아우터,문선,20,31,27,9,6,7,80,20
아우터,트래블,23,22,23,13,7,12,39,61
아우터,리,50,19,9,4,2,16,31,69
아우터,라퍼지스토어,25,25,24,13,7,6,71,29
아우터,지플리시,21,10,33,25,8,3,97,3
아우터,파르티멘토,24,33,25,9,4,5,43,57
아우터,무신사 스탠다드,17,16,26,21,11,9,93,7
아우터,도프제이슨,14,15,30,23,12,6,94,6
아우터,마하그리드,34,23,9,6,5,23,36,64
아우터,미나브,14,22,34,20,6,4,91,9
아우터,코드그라피,38,25,19,8,3,7,56,44
아우터,쿠어,28,24,27,11,5,5,81,19
아우터,라퍼지 포 우먼,26,32,27,9,3,3,10,90
아우터,86로드,29,29,17,11,5,9,85,15
아우터,알파 인더스트리,30,29,20,11,5,5,88,12
아우터,노스페이스,24,11,25,23,9,8,63,37
아우터,무신사 스탠다드,19,25,30,15,5,6,15,85
아우터,예스아이씨,18,28,21,18,8,7,80,20
아우터,무신사 스탠다드,14,12,26,28,13,7,92,8
아우터,블랭크룸,13,18,30,21,13,5,92,8
아우터,지프,27,21,20,13,6,13,46,54
아우터,도프제이슨,13,18,35,23,7,4,91,9
아우터,무신사 스탠다드,15,13,29,27,11,5,92,8
아우터,효지노리코,24,5,23,25,15,8,89,11
아우터,모디파이드,14,3,21,38,18,6,94,6
아우터,리,52,17,8,3,2,18,17,83
아우터,커버낫,26,17,21,13,7,16,43,57
아우터,프리즘웍스,17,17,29,17,10,10,77,23
아우터,예일,25,20,24,15,6,10,63,37
아우터,도프제이슨,15,23,32,20,6,4,91,9
아우터,아노블리어,17,32,32,12,3,4,86,14
아우터,아웃도어 프로덕츠,27,17,13,12,8,23,60,40
아우터,휠라,33,21,18,12,7,9,64,36
아우터,에잇세컨즈,15,33,29,13,6,4,95,5
아우터,와릿이즌,39,25,14,6,3,13,63,37
아우터,도프제이슨,18,33,29,13,4,3,86,14
아우터,프레리,18,7,16,22,20,17,85,15
아우터,뎃츠잇,26,24,14,12,9,15,75,25
아우터,와릿이즌,52,12,5,2,2,27,37,63
아우터,어반디타입,28,20,21,14,7,10,56,44
아우터,수아레,17,17,28,22,9,7,90,10
아우터,파르티멘토,28,25,26,13,4,4,75,25
아우터,노스페이스,23,19,21,15,9,13,74,26
아우터,엄브로,25,17,17,14,11,16,61,39
아우터,커버낫,32,15,15,10,7,21,47,53
아우터,어반디타입,25,18,20,16,10,11,50,50
아우터,스파오,46,19,15,8,4,8,47,53
아우터,엘무드,14,24,32,19,7,4,91,9
아우터,엄브로,43,14,15,11,7,10,57,43
아우터,제너럴아이디어 스탠다드,17,18,31,15,7,12,5,95
아우터,프리즘웍스,25,24,23,12,7,9,71,29
아우터,86로드,29,29,17,11,5,9,85,15
아우터,수아레,23,28,27,12,4,6,81,19
아우터,네스티킥,40,21,14,9,5,11,63,37
아우터,무신사 스탠다드,19,25,30,15,5,6,15,85
아우터,세컨모놀로그,20,22,25,17,9,7,75,25
아우터,바잘,51,17,7,8,0,17,25,75
아우터,네스티킥,28,41,16,4,2,9,50,50
아우터,줄리아페페,50,13,13,11,4,9,6,94
아우터,휠라,36,17,19,15,5,8,60,40
아우터,무신사 스탠다드,17,16,26,21,11,9,93,7
아우터,무신사 스탠다드,11,22,30,24,7,6,89,11
아우터,아메스 월드와이드,38,16,15,10,8,13,37,63
아우터,엄브로,27,18,22,16,7,10,58,42
아우터,무신사 스탠다드,28,14,21,16,9,12,8,92
아우터,예일,25,20,24,15,6,10,63,37
아우터,어반디타입,28,20,21,14,7,10,56,44
아우터,챔피온,48,20,12,5,3,12,58,42
아우터,아웃도어 프로덕츠,27,17,13,12,8,23,60,40
아우터,엄브로,25,17,17,14,11,16,61,39
아우터,클로어,11,34,35,9,6,5,87,13
아우터,파르티멘토,28,28,21,12,5,6,80,20
아우터,무신사 스탠다드,20,24,22,15,7,12,8,92
아우터,노매뉴얼,22,35,27,9,3,4,83,17
아우터,베리베인,18,20,20,23,12,7,91,9
아우터,파르티멘토,69,14,9,4,2,2,64,36
아우터,파츠,17,24,40,12,4,3,92,8
아우터,쿠어,28,24,27,11,5,5,81,19
아우터,토피,15,36,28,10,5,6,78,22
아우터,콜릿,29,38,16,5,3,9,10,90
아우터,노매뉴얼,35,41,13,3,1,7,64,36
아우터,노스페이스,24,11,25,23,9,8,63,37
아우터,레테르코모,22,34,25,9,4,6,87,13
아우터,해비즘,36,26,18,10,3,7,56,44
아우터,라퍼지스토어,27,27,25,11,5,5,67,33
아우터,아디다스,54,19,9,6,3,9,37,63
아우터,파르티멘토,28,25,26,13,4,4,75,25
아우터,에프씨엠엠,46,17,13,9,5,10,60,40
아우터,애드오프,22,28,29,14,4,3,85,15
아우터,엠엘비,30,21,23,10,3,13,17,83
아우터,도프제이슨,13,18,35,23,7,4,91,9
아우터,널디,49,20,11,6,3,11,37,63
아우터,스컬프터,26,41,22,5,1,5,17,83
아우터,블론드나인,30,27,20,10,5,8,65,35
아우터,케이엔드,17,27,31,13,8,4,72,28
아우터,큐컴버스,15,24,34,17,5,5,90,10
아우터,프리즘웍스,17,17,29,17,10,10,77,23
아우터,내셔널지오그래픽,46,10,9,5,5,25,47,53
아우터,에잇세컨즈,15,33,29,13,6,4,95,5
아우터,파르티멘토,45,20,16,8,4,7,43,57
아우터,제너럴아이디어 스탠다드,17,18,31,15,7,12,5,95
아우터,라퍼지스토어,23,22,28,15,7,5,79,21
아우터,아이러니포르노 화이트라인,27,35,23,9,2,4,65,35
아우터,카멜워크,24,14,17,16,15,14,76,24
아우터,노매뉴얼,29,33,22,9,3,4,83,17
아우터,스파오,46,19,15,8,4,8,47,53
아우터,언코티드247,30,3,18,28,15,6,97,3
아우터,드로우핏,22,31,24,11,5,7,89,11
아우터,니티드,26,24,20,14,6,10,77,23
아우터,커버낫,25,21,19,14,8,13,71,29
아우터,리,52,17,8,3,2,18,17,83
아우터,예일,49,17,10,4,2,18,38,62
아우터,커버낫,21,19,30,16,5,9,54,46
아우터,뎃츠잇,26,24,14,12,9,15,75,25
아우터,와릿이즌,52,12,5,2,2,27,37,63
아우터,엘무드,24,24,24,13,8,7,77,23
아우터,와릿이즌,45,21,12,5,3,14,59,41
아우터,라퍼지스토어,26,24,23,13,6,8,63,37
아우터,노스페이스,37,7,21,18,9,8,21,79
아우터,노스페이스,30,21,18,14,6,11,73,27
아우터,노스페이스,23,19,21,15,9,13,74,26
아우터,널디,47,23,9,6,2,13,29,71
아우터,라퍼지 포 우먼,36,25,17,9,5,8,7,93
아우터,파르티멘토,19,14,18,15,16,18,63,37
아우터,나이스고스트클럽,22,28,23,10,6,11,7,93
아우터,엘무드,14,24,32,19,7,4,91,9
아우터,드로우핏,32,20,27,11,4,6,83,17
아우터,파르티멘토,39,25,17,7,4,8,58,42
아우터,어커버,14,43,28,7,2,6,6,94
아우터,라퍼지스토어,31,16,22,18,8,5,80,20
아우터,베리베인,27,29,23,13,4,4,89,11
아우터,쿠어,20,19,29,18,7,7,82,18
아우터,엑스톤즈,23,41,19,6,3,8,49,51
아우터,드로우핏,17,24,31,18,6,4,92,8
아우터,바스틱,18,12,24,20,10,16,49,51
아우터,리,53,19,8,3,2,15,24,76
아우터,엑스톤즈,21,38,20,6,4,11,39,61
아우터,지플리시,21,10,33,25,8,3,97,3
아우터,어반드레스,23,31,21,10,6,9,75,25
아우터,비터셀즈,43,30,12,5,4,6,4,96
아우터,커버낫,36,25,19,8,3,9,51,49
아우터,어썸스튜디오,17,31,29,13,5,5,81,19
아우터,어반디타입,24,21,22,14,9,10,57,43
아우터,디스트나인,26,19,20,12,13,10,86,14
아우터,아노블리어,17,32,32,12,3,4,86,14
아우터,커버낫,36,25,17,7,4,11,31,69
아우터,프리즘웍스,25,24,23,12,7,9,71,29
아우터,수아레,16,15,29,25,11,4,91,9
아우터,라퍼지스토어,16,17,27,17,13,10,77,23
아우터,네스티팬시클럽,22,51,18,3,2,4,3,97
아우터,유스크루,33,33,13,11,2,8,4,96
아우터,커스텀어클락,33,26,22,11,4,4,91,9
아우터,코어스,17,28,32,15,5,3,87,13
아우터,더블유브이프로젝트,42,24,12,6,3,13,47,53
아우터,나이스고스트클럽,20,20,21,13,7,19,7,93
아우터,인템포무드,17,33,32,10,4,4,90,10
아우터,엠엠엘지,18,28,27,17,2,8,40,60
아우터,수아레,17,17,28,22,9,7,90,10
아우터,무신사 스탠다드,13,14,38,15,13,7,7,93
아우터,예스아이씨,18,28,21,18,8,7,80,20
아우터,하이스쿨디스코,19,42,23,8,2,6,4,96
아우터,블랭크룸,13,18,30,21,13,5,92,8
아우터,효지노리코,24,5,23,25,15,8,89,11
아우터,에프씨엠엠,41,24,13,8,5,9,62,38
아우터,브렌슨,43,25,13,5,3,11,44,56
아우터,트립르센스,26,42,20,5,1,6,82,18
아우터,스파오,25,29,24,13,4,5,77,23
아우터,무신사 스탠다드,14,19,32,20,9,6,91,9
아우터,라퍼지스토어,25,37,22,9,3,4,65,35
아우터,모디파이드,14,3,21,38,18,6,94,6
아우터,유니폼브릿지,26,10,18,19,18,9,91,9
아우터,유니폼브릿지,11,10,24,20,17,18,87,13
아우터,휠라,33,21,18,12,7,9,64,36
아우터,스파오,36,29,19,7,3,6,76,24
아우터,와릿이즌,42,18,13,6,3,18,48,52
아우터,에이징씨씨씨,24,21,27,14,7,7,89,11
아우터,지프,21,21,20,17,8,13,52,48
아우터,라퍼지 포 우먼,26,32,27,9,3,3,10,90
아우터,키르시,20,36,24,11,2,7,4,96
아우터,코닥,25,10,15,17,14,19,67,33
아우터,스파오,47,17,14,9,4,9,51,49
아우터,엑스톤즈,20,32,26,10,5,7,77,23
아우터,키르시,55,11,11,4,3,16,5,95
아우터,안다르,66,3,6,5,7,13,11,89
아우터,네스티팬시클럽,27,42,21,5,1,4,4,96
아우터,트래블,26,22,18,12,10,12,61,39
아우터,프레리,18,7,16,22,20,17,85,15
아우터,매치글로브,26,39,17,11,2,5,2,98
아우터,레테르코모,20,36,23,9,5,7,83,17
아우터,에이징씨씨씨,21,24,20,15,9,11,92,8
아우터,무신사 스탠다드,13,18,33,24,8,4,92,8
아우터,레테르코모,21,40,26,5,2,6,81,19
아우터,파르티멘토,21,23,25,17,7,7,79,21
아우터,1993스튜디오,44,17,12,8,6,13,34,66
아우터,라퍼지스토어,24,36,23,9,4,4,63,37
아우터,라퍼지스토어,19,17,27,14,11,12,71,29
아우터,아웃도어 프로덕츠,37,20,17,8,5,13,34,66
아우터,시그니처,16,27,31,14,6,6,79,21
아우터,레이디 볼륨,21,44,21,7,3,4,9,91
아우터,라퍼지스토어,28,25,23,12,5,7,62,38
아우터,니티드,19,26,29,11,6,9,60,40
아우터,도프제이슨,18,33,29,13,4,3,86,14
아우터,무신사 스탠다드,20,14,24,21,9,12,74,26
아우터,무신사 스탠다드,20,15,19,15,18,13,61,39
아우터,무신사 스탠다드,30,20,14,9,8,19,19,81
아우터,디스이즈네버댓,23,17,11,21,15,13,83,17
아우터,예일,28,25,22,11,5,9,59,41
아우터,마르디 메크르디 악티프,40,11,8,5,7,29,6,94
아우터,파마컬렉션,42,37,12,4,2,3,10,90
아우터,블론드나인,23,30,26,8,4,9,78,22
아우터,무신사 스탠다드,32,19,18,12,6,13,63,37
아우터,라퍼지스토어,21,25,29,16,5,4,81,19
아우터,토피,44,27,13,4,2,10,42,58
아우터,인사일런스,12,21,41,19,5,2,95,5
아우터,라퍼지스토어,25,37,24,8,3,3,84,16
아우터,미니멀프로젝트,38,25,14,7,3,13,46,54
아우터,라퍼지스토어,19,24,28,16,7,6,68,32
아우터,트래블,19,26,25,13,8,9,79,21
아우터,무신사 스탠다드,19,26,26,13,7,9,7,93
아우터,베리베인,32,28,21,9,4,6,82,18
아우터,무신사 스탠다드,26,32,21,9,3,9,5,95
아우터,유니폼브릿지,16,21,31,16,9,7,92,8
아우터,스파오,44,25,17,7,3,4,5,95
아우터,파르티멘토,31,26,21,11,5,6,73,27
아우터,아디다스,63,14,7,3,2,11,34,66
아우터,디스이즈네버댓,34,26,20,8,5,7,36,64
아우터,무신사 스탠다드,20,24,28,17,6,5,91,9
아우터,바이바이섭,19,22,36,15,3,5,6,94
아우터,세터,16,37,28,11,4,4,87,13
아우터,어커버,29,44,16,4,2,5,5,95
아우터,아워스코프,20,26,36,15,1,2,95,5
아우터,쿠어,18,19,33,19,7,4,95,5
아우터,레이디 볼륨,23,35,23,9,5,5,11,89
아우터,네스티팬시클럽,23,33,19,9,4,12,9,91
아우터,210에디트,18,30,25,10,8,9,9,91
아우터,척,23,28,22,9,6,12,12,88
아우터,펜듈럼,38,8,19,21,6,8,24,76
아우터,니티드,24,27,24,12,4,9,71,29
아우터,모디파이드,17,15,28,25,10,5,96,4
아우터,모더먼트,24,27,22,12,6,9,77,23
아우터,파르티멘토,35,16,16,13,10,10,66,34
아우터,디스이즈네버댓,23,30,25,11,4,7,45,55
아우터,휠라,17,13,28,17,13,12,46,54
아우터,프로젝트엠,29,8,25,19,9,10,88,12
아우터,브라운브레스,25,18,20,14,10,13,43,57
아우터,후아유,35,24,16,8,4,13,8,92
아우터,도프제이슨,15,23,32,20,6,4,91,9
아우터,후아유,38,23,19,10,4,6,51,49
아우터,키뮤어,25,23,23,12,6,11,52,48
아우터,인템포무드,18,32,30,14,3,3,85,15
아우터,엠엠엘지,30,23,15,9,4,19,29,71
아우터,커스텀어클락,24,19,26,16,7,8,76,24
아우터,후아유,39,13,14,13,10,11,51,49
아우터,멜란지 마스터,32,23,22,8,6,9,69,31
아우터,인템포무드,18,33,30,12,3,4,89,11
아우터,레테르코모,19,38,28,7,4,4,86,14
아우터,에스릿 스튜디오,36,20,17,11,6,10,60,40
아우터,탑텐,26,36,22,5,1,10,7,93
아우터,디미트리블랙,18,6,11,33,17,15,82,18
아우터,로열클럽홀리데이,32,28,17,7,3,13,4,96
아우터,로파이,17,30,32,12,5,4,89,11
아우터,파르티멘토,16,15,23,12,17,17,69,31
아우터,에프씨엠엠,48,18,13,8,3,10,53,47
아우터,볼컴,26,12,15,25,12,10,69,31
아우터,페플,51,20,13,5,3,8,52,48
아우터,에프씨엠엠,36,9,15,15,9,16,48,52
아우터,코드그라피,27,23,23,12,7,8,59,41
아우터,와릿이즌,37,19,12,9,3,20,59,41
아우터,무신사 스탠다드,24,28,24,12,5,7,8,92
아우터,어반드레스,14,38,30,9,4,5,4,96
아우터,집시,26,29,21,12,6,6,79,21
아우터,어반디타입,31,18,22,15,8,6,80,20
아우터,어반디타입,35,22,17,10,6,10,57,43
아우터,엘무드,20,25,26,16,7,6,87,13
아우터,어반드레스,13,31,22,15,6,13,8,92
아우터,도프셉,13,18,40,19,5,5,7,93
아우터,엠엘비,42,25,11,8,4,10,61,39
아우터,문수권세컨,25,13,15,14,10,23,64,36
아우터,척,51,34,8,2,1,4,3,97
아우터,아티스트웨어,40,20,14,9,6,11,72,28
아우터,커버낫,32,9,13,15,14,17,75,25
아우터,무신사 스탠다드,21,34,24,7,5,9,7,93
아우터,집시,29,19,21,16,7,8,83,17
아우터,무신사 스탠다드,17,16,26,23,11,7,90,10
아우터,토피,21,29,26,12,6,6,85,15
아우터,닉앤니콜,16,50,23,6,1,4,4,96
아우터,라퍼지스토어,23,18,28,19,8,4,77,23
아우터,엘무드,21,28,26,15,5,5,87,13
아우터,파르티멘토,29,17,17,13,10,14,49,51
아우터,아이러니포르노 화이트라인,19,34,28,13,3,3,76,24
아우터,라멀마메종,11,17,42,16,7,7,81,19
아우터,트립르센스,16,31,30,13,4,6,72,28
아우터,키뮤어,37,31,16,6,3,7,26,74
아우터,챔피온,38,22,16,13,3,8,33,67
아우터,후아유,41,18,12,11,6,12,34,66
아우터,로씨로씨,22,37,24,7,3,7,5,95
아우터,트래블,30,27,20,9,5,9,60,40
아우터,스케이터락,28,23,15,9,7,18,72,28
아우터,에잇세컨즈,22,16,21,14,16,11,84,16
아우터,무신사 스탠다드,22,10,21,17,13,17,79,21
아우터,라퍼지스토어,31,26,20,10,6,7,73,27
아우터,벌스원,30,32,21,9,3,5,14,86
아우터,무신사 스탠다드,14,16,29,24,11,6,92,8
아우터,랑가주망,23,32,21,10,4,10,64,36
아우터,무신사 스탠다드,22,18,25,19,8,8,20,80
아우터,나이키,53,17,14,7,3,6,56,44
아우터,프리즘웍스,17,16,28,18,12,9,81,19
아우터,라퍼지스토어,45,19,13,9,4,10,66,34
아우터,후아유,35,24,16,8,4,13,8,92
아우터,시티브리즈,30,39,21,5,2,3,3,97
아우터,엑스트라오디너리,31,30,17,8,7,7,85,15
아우터,프리즘웍스,25,24,23,12,7,9,71,29
아우터,탑텐,26,36,22,5,1,10,7,93
아우터,무신사 스탠다드,17,16,26,23,11,7,90,10
아우터,무신사 스탠다드,13,14,38,15,13,7,7,93
아우터,210에디트,18,30,25,10,8,9,9,91
아우터,무신사 스탠다드,21,27,26,14,6,6,77,23
아우터,네스티팬시클럽,23,33,19,9,4,12,9,91
아우터,무신사 스탠다드,15,10,29,28,13,5,93,7
아우터,후아유,38,23,19,10,4,6,51,49
아우터,시그니피컨트,23,27,21,14,8,7,75,25
아우터,브라운브레스,40,17,15,11,6,11,63,37
아우터,스파오,47,17,14,9,4,9,51,49
아우터,프로젝트엠,29,8,25,19,9,10,88,12
아우터,파르티멘토,16,15,23,12,17,17,69,31
아우터,후아유,39,13,14,13,10,11,51,49
아우터,시티브리즈,10,42,36,7,1,4,3,97
아우터,키르시,20,36,24,11,2,7,4,96
아우터,커스텀어클락,25,22,22,15,8,8,84,16
아우터,레테르코모,19,38,28,7,4,4,86,14
아우터,아웃스탠딩,15,15,20,23,18,9,92,8
아우터,커스텀어클락,24,19,26,16,7,8,76,24
아우터,브랜디드,23,31,23,12,5,6,87,13
아우터,86로드,26,26,19,12,7,10,85,15
아우터,엄브로,42,18,15,9,5,11,63,37
아우터,엑스톤즈,20,32,26,10,5,7,77,23
아우터,파르티멘토,21,23,25,17,7,7,79,21
아우터,라퍼지스토어,19,17,27,14,11,12,71,29
아우터,모노플로우,20,19,24,17,11,9,59,41
아우터,쟈니웨스트,23,13,25,21,12,6,93,7
아우터,아웃도어 프로덕츠,37,20,17,8,5,13,34,66
아우터,유니폼브릿지,12,25,36,17,5,5,92,8
아우터,비욘드클로젯,25,19,24,16,8,8,59,41
아우터,디미트리블랙,18,6,11,33,17,15,82,18
아우터,유니폼브릿지,23,35,22,10,5,5,79,21
아우터,볼컴,26,12,15,25,12,10,69,31
아우터,닉앤니콜,16,50,23,6,1,4,4,96
아우터,유니폼브릿지,10,19,35,21,9,6,94,6
아우터,시티브리즈,20,34,30,9,3,4,5,95
아우터,필로그램,25,32,19,9,8,7,93,7
아우터,유니폼브릿지,15,23,31,18,8,5,38,62
아우터,키뮤어,25,23,23,12,6,11,52,48
아우터,유니폼브릿지,17,16,26,19,14,8,92,8
아우터,프리즘웍스,17,16,28,18,12,9,81,19
아우터,라퍼지스토어,24,36,23,9,4,4,63,37
아우터,라퍼지스토어,25,37,24,8,3,3,84,16
아우터,페플,51,20,13,5,3,8,52,48
아우터,디미트리블랙,11,39,7,18,16,9,84,16
아우터,엠엘비,50,17,9,5,2,17,35,65
아우터,네스티팬시클럽,27,42,21,5,1,4,4,96
아우터,니틀리,16,31,33,12,4,4,86,14
아우터,무신사 스탠다드,16,14,28,25,11,6,90,10
아우터,라퍼지스토어,21,25,29,16,5,4,81,19
아우터,무신사 스탠다드,22,10,21,17,13,17,79,21
아우터,트래블,19,26,25,13,8,9,79,21
아우터,엠엘비,42,25,11,8,4,10,61,39
아우터,문수권세컨,25,13,15,14,10,23,64,36
아우터,도프셉,13,18,40,19,5,5,7,93
아우터,라퍼지스토어,45,19,13,9,4,10,66,34
아우터,무신사 스탠다드,21,34,24,7,5,9,7,93
아우터,디스이즈네버댓,34,26,20,8,5,7,36,64
아우터,유니폼브릿지,12,15,37,22,7,7,86,14
아우터,무신사 스탠다드,14,16,29,24,11,6,92,8
아우터,아디다스,50,11,10,8,5,16,44,56
아우터,무신사 스탠다드,17,21,24,16,10,12,13,87
아우터,그레이버,38,21,15,9,7,10,43,57
아우터,커버낫,32,9,13,15,14,17,75,25
아우터,라퍼지스토어,32,30,20,9,4,5,59,41
아우터,랑가주망,23,32,21,10,4,10,64,36
아우터,바이바이섭,19,22,36,15,3,5,6,94
아우터,라퍼지스토어,31,26,20,10,6,7,73,27
아우터,멜란지 마스터,32,23,22,8,6,9,69,31
아우터,척,23,28,22,9,6,12,12,88
아우터,니티드,24,27,24,12,4,9,71,29
아우터,트립르센스,16,31,30,13,4,6,72,28
아우터,라멀마메종,11,17,42,16,7,7,81,19
아우터,나이키,42,20,16,7,4,11,24,76
아우터,어반디타입,19,16,23,21,11,10,69,31
아우터,로씨로씨,22,37,24,7,3,7,5,95
아우터,쿠어,13,26,30,17,8,6,89,11
아우터,문선,18,40,26,8,3,5,87,13
아우터,에잇세컨즈,22,16,21,14,16,11,84,16
아우터,파르티멘토,35,16,16,13,10,10,66,34
아우터,나이키,39,21,16,9,7,8,72,28
아우터,코닥,25,12,20,18,12,13,67,33
아우터,엄브로,32,15,16,16,11,10,48,52
아우터,브라운브레스,40,17,15,11,6,11,63,37
아우터,트립르센스,16,31,30,13,4,6,72,28
아우터,멜란지 마스터,32,23,22,8,6,9,69,31
아우터,척,23,28,22,9,6,12,12,88
아우터,유니폼브릿지,11,10,24,20,17,18,87,13
아우터,에프씨엠엠,48,18,13,8,3,10,53,47
아우터,나이키,42,20,16,7,4,11,24,76
아우터,무신사 스탠다드,17,16,26,23,11,7,90,10
아우터,쿠어,20,19,29,18,7,7,82,18
아우터,커버낫,36,25,17,7,4,11,31,69
아우터,펜듈럼,38,8,19,21,6,8,24,76
아우터,하이스쿨디스코,19,42,23,8,2,6,4,96
아우터,시그니피컨트,23,27,21,14,8,7,75,25
아우터,모더먼트,24,27,22,12,6,9,77,23
아우터,쿠어,13,26,30,17,8,6,89,11
아우터,86로드,26,26,19,12,7,10,85,15
아우터,디스트나인,26,19,20,12,13,10,86,14
아우터,유니폼브릿지,16,21,31,16,9,7,92,8
아우터,커스텀어클락,25,22,22,15,8,8,84,16
아우터,위캔더스,20,34,29,7,3,7,48,52
아우터,나이키,53,17,14,7,3,6,56,44
아우터,본챔스,65,13,6,4,2,10,22,78
아우터,유니폼브릿지,10,19,35,21,9,6,94,6
아우터,줄리아페페,16,19,24,15,12,14,6,94
아우터,인템포무드,18,32,30,14,3,3,85,15
아우터,파르티멘토,23,20,21,15,10,11,43,57
아우터,필로그램,25,32,19,9,8,7,93,7
아우터,비욘드클로젯,25,19,24,16,8,8,59,41
아우터,드로우핏,21,26,25,17,6,5,93,7
아우터,문선,18,40,26,8,3,5,87,13
아우터,에잇세컨즈,13,24,24,19,11,9,74,26
아우터,코닥,25,12,20,18,12,13,67,33
아우터,아디다스,50,11,10,8,5,16,44,56
아우터,나이키,39,21,16,9,7,8,72,28
아우터,토피,44,27,13,4,2,10,42,58
아우터,네스티팬시클럽,28,36,22,7,2,5,3,97
아우터,수아레,14,14,35,26,8,3,90,10
아우터,노스페이스,38,18,17,11,5,11,63,37
아우터,유니폼브릿지,12,15,37,22,7,7,87,13
아우터,어반디타입,19,16,23,21,11,10,69,31
아우터,라퍼지스토어,23,18,28,19,8,4,77,23
아우터,골스튜디오,17,31,25,11,6,10,8,92
아우터,니티드,25,28,18,13,5,11,74,26
아우터,디스이즈네버댓,27,26,23,12,5,7,75,25
아우터,쿠어,15,23,29,15,11,7,84,16
아우터,아디다스,69,12,4,2,2,11,31,69
아우터,그래프플랫폼,28,29,24,9,4,6,78,22
아우터,키르시,55,11,11,4,3,16,5,95
아우터,토피,21,29,26,12,6,6,85,15
아우터,리,24,28,27,12,4,5,78,22
아우터,아르반,21,29,30,12,4,4,87,13
아우터,시그니처,16,27,31,14,6,6,79,21
아우터,디스이즈네버댓,41,27,16,6,2,8,64,36
아우터,디스이즈네버댓,41,28,16,6,2,7,62,38
아우터,아디다스,51,13,10,6,5,15,43,57
아우터,베리베인,32,28,21,9,4,6,82,18
아우터,퍼스텝,38,19,22,12,4,5,81,19
아우터,노매뉴얼,34,28,22,9,3,4,82,18
아우터,제로,22,37,26,7,3,5,83,17
아우터,스파오,58,16,9,5,3,9,27,73
아우터,엄브로,26,17,21,17,10,9,64,36
아우터,노스페이스,36,24,18,8,4,10,67,33
아우터,아티스트웨어,34,19,15,12,8,12,67,33
아우터,로맨틱크라운,41,23,19,7,4,6,36,64
아우터,벌스원,30,32,21,9,3,5,14,86
아우터,브이투,23,37,23,9,4,4,55,45
아우터,그레이버,38,21,15,9,7,10,43,57
아우터,라퍼지스토어,24,21,22,15,8,10,70,30
아우터,라퍼지스토어,19,24,28,16,7,6,68,32
아우터,스파오,44,25,17,7,3,4,5,95
아우터,닉앤니콜,16,50,23,6,1,4,4,96
아우터,에프씨엠엠,46,19,13,8,4,10,37,63
아우터,네스티팬시클럽,21,55,16,4,1,3,3,97
아우터,미니멀프로젝트,38,25,14,7,3,13,46,54
아우터,유니폼브릿지,17,19,39,13,6,6,91,9
아우터,파르티멘토,24,31,23,10,5,7,69,31
아우터,토피,23,33,20,10,6,8,82,18
아우터,라퍼지스토어,45,19,13,9,4,10,66,34
아우터,무신사 스탠다드,14,29,30,15,4,8,8,92
아우터,에스릿 스튜디오,26,22,18,12,10,12,51,49
아우터,에스피오나지,17,19,32,19,9,4,92,8
아우터,수아레,15,17,35,24,7,2,92,8
아우터,로드 존 그레이,20,26,28,14,6,6,83,17
아우터,무신사 스탠다드,20,24,28,17,6,5,91,9
아우터,시그니처,20,29,27,13,6,5,86,14
아우터,라퍼지스토어,45,19,13,9,4,10,66,34
아우터,아티스트웨어,34,19,15,12,8,12,67,33
아우터,블론드나인,35,16,12,7,12,18,27,73
아우터,라퍼지스토어,24,25,25,15,6,5,87,13
아우터,피지컬 에듀케이션 디파트먼트,16,31,29,18,2,4,69,31
아우터,베리베인,28,30,22,11,4,5,87,13
아우터,파르티멘토,29,25,19,10,8,9,46,54
아우터,쿠어,14,28,38,13,4,3,92,8
아우터,후아유,38,23,19,10,4,6,51,49
아우터,엘무드,21,26,24,15,7,7,80,20
아우터,로씨로씨,22,37,24,7,3,7,5,95
아우터,수아레,15,17,35,24,7,2,92,8
아우터,스파오,46,19,15,8,4,8,47,53
아우터,본챔스,33,23,20,11,6,7,34,66
아우터,네스티팬시클럽,23,33,19,9,4,12,9,91
아우터,레테르코모,19,38,28,7,4,4,86,14
아우터,210에디트,18,30,25,10,8,9,9,91
아우터,라퍼지스토어,17,34,34,9,2,4,44,56
아우터,어반디타입,19,16,23,21,11,10,69,31
아우터,라퍼지스토어,24,21,22,15,8,10,70,30
아우터,네스티팬시클럽,21,55,16,4,1,3,3,97
아우터,유니폼브릿지,20,16,25,16,12,11,91,9
아우터,에프씨엠엠,48,18,13,8,3,10,53,47
아우터,커스텀어클락,24,19,26,16,7,8,76,24
아우터,바이얼민스,12,35,25,9,4,15,12,88
아우터,프로젝트엠,29,8,25,19,9,10,88,12
아우터,파르티멘토,23,20,21,15,10,11,43,57
아우터,엠엘비,41,23,16,6,2,12,22,78
아우터,유니폼브릿지,19,31,27,10,7,6,78,22
아우터,라퍼지스토어,29,22,24,14,5,6,70,30
아우터,인템포무드,40,25,21,9,3,2,86,14
아우터,노매뉴얼,34,28,22,9,3,4,82,18
아우터,에잇세컨즈,13,24,24,19,11,9,74,26
아우터,슬로우 레코드 하우스,37,19,27,11,3,3,81,19
아우터,에스피오나지,17,19,32,19,9,4,92,8
아우터,볼컴,26,12,15,25,12,10,69,31
아우터,유니폼브릿지,11,10,24,20,17,18,87,13
아우터,엠엘비,42,25,11,8,4,10,61,39
아우터,노드 아카이브,20,10,34,23,8,5,97,3
아우터,어커버,40,25,14,6,3,12,20,80
아우터,시티브리즈,11,44,32,6,2,5,8,92
아우터,마가린핑거스,27,30,24,13,2,4,2,98
아우터,네스티팬시클럽,28,36,22,7,2,5,3,97
아우터,아디다스,23,23,24,12,9,9,19,81
아우터,인사일런스,14,21,36,19,6,4,95,5
아우터,마인드브릿지,26,6,23,26,13,4,93,7
아우터,커버낫,32,9,13,15,14,17,75,25
아우터,슬로우유니버스,28,39,16,8,3,6,26,74
아우터,유니폼브릿지,12,22,34,22,6,4,95,5
아우터,페플,51,20,13,5,3,8,52,48
아우터,케이엔드,16,19,34,15,8,8,59,41
아우터,문선,18,36,31,9,2,4,86,14
아우터,랑가주망,23,32,21,10,4,10,64,36
아우터,세터,20,33,27,9,4,7,79,21
아우터,라코스테,31,21,27,12,4,5,71,29
아우터,디스이즈네버댓,20,26,29,13,6,6,60,40
아우터,문수권세컨,25,13,15,14,10,23,64,36
아우터,나이키,52,16,12,6,4,10,72,28
아우터,무신사 스탠다드,23,37,20,7,3,10,6,94
아우터,도프셉,13,18,40,19,5,5,7,93
아우터,커버낫,36,16,18,11,5,14,52,48
아우터,알파 인더스트리,27,28,20,13,5,7,88,12
아우터,프리즘웍스,18,19,19,12,12,20,80,20
아우터,무신사 스탠다드,21,34,24,7,5,9,7,93
아우터,커버낫,21,19,30,16,5,9,54,46
아우터,수아레,17,17,28,22,9,7,90,10
아우터,키뮤어,34,27,21,6,3,9,51,49
아우터,파르티멘토,24,31,23,10,5,7,69,31
아우터,마뗑킴,29,36,26,6,1,2,6,94
아우터,파르티멘토,29,25,17,9,6,14,45,55
아우터,트립르센스,16,31,30,13,4,6,72,28
아우터,라멀마메종,11,17,42,16,7,7,81,19
아우터,프리즘웍스,18,18,25,16,11,12,78,22
아우터,에스릿 스튜디오,35,21,17,11,6,10,60,40
아우터,로맨틱크라운,41,23,19,7,4,6,36,64
아우터,에스피오나지,13,14,32,22,10,9,92,8
아우터,라퍼지스토어,25,29,26,11,4,5,65,35
아우터,유니폼브릿지,21,23,23,13,11,9,80,20
아우터,나이키,53,17,14,7,3,6,56,44
아우터,에스피오나지,13,20,30,19,10,8,96,4
아우터,키뮤어,38,27,17,6,3,9,35,65
아우터,무신사 스탠다드,26,32,21,9,3,9,5,95
아우터,아디다스,51,24,10,5,4,6,38,62
아우터,무신사 스탠다드,19,26,26,13,7,9,7,93
아우터,노스페이스,38,18,17,11,5,11,63,37
아우터,모더먼트,24,27,22,12,6,9,77,23
아우터,본챔스,33,23,20,11,6,7,34,66
아우터,베리베인,28,30,22,11,4,5,87,13
아우터,유니폼브릿지,12,22,34,22,6,4,95,5
아우터,블론드나인,35,16,12,7,12,18,27,73
아우터,에스릿 스튜디오,35,21,17,11,6,10,60,40
아우터,로맨틱크라운,41,23,19,7,4,6,36,64
아우터,에프씨엠엠,48,18,13,8,3,10,53,47
아우터,마인드브릿지,26,6,23,26,13,4,93,7
아우터,시티브리즈,18,32,30,10,3,7,4,96
아우터,파르티멘토,21,23,25,17,7,7,79,21
아우터,나이키,53,17,14,7,3,6,56,44
아우터,트립르센스,16,31,30,13,4,6,72,28
아우터,쿠어,20,28,33,10,4,5,90,10
아우터,펜듈럼,38,8,19,21,6,8,24,76
아우터,알파 인더스트리,27,28,20,13,5,7,88,12
아우터,유니폼브릿지,19,31,27,10,7,6,78,22
아우터,무신사 스탠다드,13,17,32,25,9,4,90,10
아우터,무신사 스탠다드,28,20,21,14,9,8,89,11
아우터,낫앤낫,20,22,26,15,7,10,11,89
아우터,나이키,65,13,5,3,2,12,63,37
아우터,내셔널지오그래픽,41,10,8,8,6,27,53,47
아우터,무신사 스탠다드,18,20,26,15,10,11,8,92
아우터,지프,23,21,20,17,7,12,54,46
아우터,마뗑킴,22,37,30,7,1,3,6,94
아우터,엠엘비,38,20,18,11,3,10,39,61
아우터,세터,20,33,27,9,4,7,79,21
아우터,프리즘웍스,18,18,25,16,11,12,78,22
아우터,에스피오나지,13,19,35,22,7,4,91,9
아우터,본챔스,65,13,6,4,2,10,22,78
아우터,인템포무드,18,32,30,14,3,3,85,15
아우터,나이키,50,18,9,4,2,17,35,65
아우터,프리즘웍스,18,19,19,12,12,20,80,20
아우터,마르디 메크르디 악티프,46,14,7,4,6,23,4,96
아우터,커버낫,22,18,23,12,7,18,37,63
아우터,에스피오나지,13,14,32,22,10,9,92,8
아우터,엠엘비,33,21,18,11,3,14,32,68
아우터,파르티멘토,34,34,15,6,4,7,65,35
아우터,키뮤어,38,27,17,6,3,9,35,65
아우터,시티브리즈,21,36,24,10,3,6,4,96
아우터,모아,26,10,25,24,12,3,92,8
아우터,문선,25,27,28,7,6,7,85,15
아우터,더니트컴퍼니,15,9,28,32,11,5,96,4
아우터,수아레,14,14,35,26,8,3,90,10
아우터,신시티,11,20,41,18,7,3,82,18
아우터,엄브로,41,16,13,9,7,14,56,44
아우터,예스아이씨,15,31,25,8,5,16,65,35
아우터,키뮤어,34,27,21,6,3,9,51,49
아우터,에스피오나지,14,8,26,27,17,8,94,6
아우터,코드그라피,21,29,29,11,4,6,44,56
아우터,노스페이스,24,17,29,16,6,8,62,38
아우터,유니폼브릿지,21,23,23,13,11,9,80,20
아우터,도프제이슨,15,23,32,20,6,4,91,9
아우터,그레이버,38,21,15,9,7,10,43,57
아우터,엄브로,21,14,21,25,10,9,70,30
아우터,에스피오나지,12,19,34,22,9,4,92,8
아우터,와이케이,22,35,25,11,2,5,28,72
아우터,유니폼브릿지,15,18,29,18,12,8,88,12
아우터,문선,18,36,31,8,2,5,81,19
아우터,노스페이스,32,14,23,18,7,6,55,45
아우터,디스이즈네버댓,44,20,13,7,3,13,49,51
아우터,앤더슨벨,20,24,29,15,7,5,82,18
아우터,라퍼지스토어,16,18,23,16,16,11,77,23
아우터,노스페이스,26,13,26,20,9,6,54,46
아우터,노스페이스,42,23,15,8,5,7,56,44
아우터,에프씨엠엠,30,13,19,16,9,13,50,50
아우터,엘무드,12,30,37,14,4,3,93,7
아우터,널디,49,20,11,6,3,11,37,63
아우터,본챔스,31,23,19,10,5,12,41,59
아우터,무신사 스탠다드,20,29,24,12,6,9,9,91
아우터,무신사 스탠다드,23,37,20,7,3,10,6,94
아우터,아르반,18,28,33,14,4,3,88,12
아우터,폴로 랄프 로렌,41,21,20,10,3,5,16,84
아우터,마가린핑거스,8,46,34,8,1,3,1,99
아우터,에스피오나지,14,12,20,21,18,15,92,8
아우터,노스페이스,38,16,21,13,5,7,59,41
아우터,에스피오나지,13,17,26,27,12,5,93,7
아우터,무신사 스탠다드,14,16,29,24,11,6,92,8
아우터,폴로 랄프 로렌,18,13,31,26,9,3,86,14
아우터,무신사 스탠다드,16,9,24,27,15,9,93,7
아우터,나이키,56,15,8,4,3,14,31,69
아우터,무신사 스탠다드,23,37,20,7,3,10,6,94
아우터,마뗑킴,22,37,30,7,1,3,6,94
아우터,로파이,17,30,32,12,5,4,89,11
아우터,파르티멘토,24,21,25,14,8,8,54,46
아우터,오디너리홀리데이,47,19,25,4,2,3,5,95
아우터,칸코,24,29,23,10,4,10,25,75
아우터,인사일런스,14,29,32,16,5,4,94,6
아우터,예일,15,25,26,11,6,17,52,48
아우터,엠엘비,38,19,15,8,3,17,15,85
아우터,널디,43,20,14,7,5,11,52,48
아우터,세터,14,18,30,25,8,5,90,10
아우터,노스페이스,28,17,28,12,7,8,66,34
아우터,에프씨엠엠,36,17,17,12,8,10,53,47
아우터,엄브로,22,12,25,20,11,10,70,30
아우터,무신사 스탠다드,23,27,21,15,8,6,22,78
아우터,도프제이슨,18,15,29,22,9,7,93,7
아우터,네스티팬시클럽,27,42,21,5,1,4,4,96
아우터,예스아이씨,12,41,26,6,3,12,67,33
아우터,무신사 스탠다드,22,10,21,17,13,17,79,21
아우터,엠엘비,58,14,7,2,2,17,38,62
아우터,드로우핏,17,24,31,18,6,4,92,8
아우터,나이키,36,18,19,12,7,8,55,45
아우터,유니폼브릿지,17,25,30,15,7,6,91,9
아우터,커버낫,45,18,13,7,5,12,42,58
아우터,무신사 스탠다드,20,18,21,17,10,14,9,91
아우터,세터,20,33,27,9,4,7,79,21
아우터,쿠어,20,26,32,12,5,5,89,11
아우터,파르티멘토,17,28,28,13,7,7,72,28
아우터,무신사 스탠다드,15,15,26,25,13,6,91,9
아우터,파르티멘토,21,28,26,12,6,7,55,45
아우터,유니폼브릿지,15,18,29,18,12,8,88,12
아우터,캘빈클라인 진,22,32,25,11,4,6,84,16
아우터,엠엘비,47,18,12,5,2,16,34,66
아우터,네스티팬시클럽,34,44,12,3,1,6,5,95
아우터,챔피온,36,17,23,13,6,5,56,44
아우터,무신사 스탠다드,14,16,28,22,13,7,93,7
아우터,에스피오나지,10,17,24,24,16,9,94,6
아우터,일꼬르소,16,19,26,16,12,11,86,14
아우터,라퍼지 포 우먼,17,35,31,10,3,4,8,92
아우터,엘무드,12,30,37,14,4,3,93,7
아우터,프리즘웍스,18,19,19,12,12,20,80,20
아우터,널디,49,20,11,6,3,11,37,63
아우터,아르반,18,28,33,14,4,3,88,12
아우터,무신사 스탠다드,21,21,21,20,8,9,16,84
아우터,트래블,26,22,25,11,7,9,60,40
아우터,도프제이슨,15,24,31,18,8,4,91,9
아우터,무신사 스탠다드,16,9,24,27,15,9,93,7
아우터,칼하트,45,29,13,4,1,8,42,58
아우터,위캔더스,22,24,20,14,9,11,72,28
아우터,쿠어,13,26,37,16,5,3,91,9
아우터,라퍼지스토어,14,15,22,17,14,18,75,25
아우터,널디,69,13,5,2,1,10,50,50
아우터,디스이즈네버댓,54,24,10,3,1,8,45,55
아우터,무신사 스탠다드,14,6,20,28,15,17,87,13
아우터,베테제,43,21,9,7,5,15,57,43
아우터,에러스익셉티드,19,13,21,14,23,10,77,23
아우터,문선,27,20,37,11,2,3,90,10
아우터,유니폼브릿지,14,13,29,20,10,14,83,17
아우터,문선,26,25,34,9,2,4,91,9
아우터,쿠어,16,22,34,17,7,4,83,17
아우터,마뗑킴,19,33,33,10,2,3,6,94
아우터,아디다스,36,12,18,12,9,13,72,28
아우터,네파,27,7,12,14,13,27,56,44
아우터,디스이즈네버댓,20,11,18,18,16,17,79,21
아우터,신시티,11,20,41,18,7,3,82,18
아우터,언아웃핏,25,24,26,10,6,9,82,18
아우터,코케트 스튜디오,19,19,22,17,11,12,83,17
아우터,노이아고,17,36,26,10,4,7,5,95
아우터,디스이즈네버댓,44,20,13,7,3,13,49,51
아우터,드로우핏,14,21,30,22,8,5,95,5
아우터,톰브라운,19,17,25,23,11,5,85,15
아우터,와릿이즌,41,23,13,6,4,13,56,44
아우터,드로우핏,20,22,27,19,8,4,93,8
아우터,무신사 스탠다드,18,21,23,18,12,8,91,9
아우터,어반플레이어스,43,18,12,8,7,12,60,40
아우터,라퍼지스토어,31,13,17,14,12,13,82,18
아우터,유니폼브릿지,19,22,29,15,7,8,89,11
아우터,디스이즈네버댓,17,26,29,16,6,6,65,35
아우터,널디,44,15,15,9,5,12,44,56
아우터,파르티멘토,23,20,21,15,10,11,43,57
아우터,스톤아일랜드,35,21,21,11,5,7,75,25
아우터,도프제이슨,25,18,25,17,6,9,28,72
아우터,문선,18,36,31,8,2,5,81,19
아우터,아디다스,49,18,12,6,4,11,37,63
아우터,나이키,39,20,17,9,5,10,65,35
아우터,무신사 스탠다드,17,19,25,23,11,5,91,9
아우터,에스피오나지,13,14,32,22,10,9,92,8
하의,후러브스아트,36,25,16,9,4,10,70,30
하의,에드리엘로스,22,30,25,13,6,4,96,4
하의,수아레,24,33,24,10,4,5,83,17
하의,제로,34,34,17,6,2,7,76,24
하의,무신사 스탠다드,22,16,21,18,12,11,86,14
하의,가까이 유니언즈,38,32,14,5,2,9,73,27
하의,인템포무드,21,32,30,10,3,4,91,9
하의,브랜디드,15,29,32,15,5,4,94,6
하의,무신사 스탠다드,27,18,20,18,9,8,89,11
하의,라퍼지스토어,27,32,23,9,4,5,77,23
하의,피스워커,18,13,19,24,16,10,92,8
하의,무신사 스탠다드,22,19,26,18,9,6,91,9
하의,토피,26,30,23,11,4,6,86,14
하의,파르티멘토,21,28,29,12,4,6,79,21
하의,브렌슨,36,30,15,6,3,10,67,33
하의,토피,28,34,21,8,3,6,86,14
하의,인템포무드,18,35,30,11,3,3,90,10
하의,아모멘토,26,29,32,8,2,3,24,76
하의,마르디 메크르디,27,27,20,9,6,11,8,92
하의,토피,19,40,26,8,2,5,81,19
하의,토피,25,32,21,10,4,8,87,13
하의,라퍼지스토어,25,37,22,8,3,5,77,23
하의,아디다스,41,32,13,4,2,8,22,78
하의,에드리엘로스,27,25,24,14,6,4,95,5
하의,어널러코드,32,35,17,7,3,6,65,35
하의,비얼디드키드,21,24,24,17,9,5,94,6
하의,브랜디드,21,33,28,12,3,3,92,8
하의,브랜디드,17,24,26,21,8,4,94,6
하의,코드그라피,27,21,22,15,7,8,64,36
하의,파르티멘토,19,21,34,18,5,3,83,17
하의,노이어,18,23,31,18,7,3,95,5
하의,올드비,22,11,19,27,12,9,95,5
하의,제멋,27,36,19,8,4,6,82,18
하의,코드그라피,28,30,19,10,6,7,76,24
하의,에드리엘로스,26,21,24,16,8,5,97,3
하의,낫포너드,32,33,17,8,4,6,81,19
하의,에러스익셉티드,20,20,34,14,4,8,89,11
하의,로우클래식,34,12,19,9,13,13,23,77
하의,86로드,19,30,27,14,5,5,92,8
하의,드로우핏,16,29,26,15,8,6,94,6
하의,모드나인,15,33,32,12,4,4,95,5
하의,드로우핏,22,21,23,19,9,6,95,5
하의,무신사 스탠다드,19,27,25,14,7,8,86,14
하의,아카이브 볼드,51,32,7,1,1,8,34,66
하의,코드그라피,23,22,27,17,8,3,96,4
하의,후러브스아트,24,28,20,12,6,10,80,20
하의,브랜디드,12,28,33,18,6,3,95,5
하의,밀리언코르,17,41,22,8,4,8,13,87
하의,드로우핏,18,29,26,16,7,4,95,5
하의,오더플리즈,18,31,29,14,4,4,91,9
하의,에스피오나지,11,20,32,19,10,8,96,4
하의,플랙,18,13,25,23,14,7,93,7
하의,파르티멘토,19,26,30,15,5,5,74,26
하의,폴로 랄프 로렌,24,8,15,23,13,17,89,11
하의,후러브스아트,24,30,21,10,5,10,77,23
하의,라퍼지스토어,31,31,20,8,4,6,80,20
하의,모드나인,17,18,28,23,9,5,95,5
하의,우알롱,38,35,13,4,2,8,24,76
하의,노드 아카이브,14,17,33,24,8,4,95,5
하의,비슬로우,15,35,29,13,4,4,93,7
하의,제로,30,34,19,7,3,7,76,24
하의,나이키,44,23,14,7,3,9,66,34
하의,노드 아카이브,12,22,34,19,8,5,96,4
하의,앤더슨벨,13,25,39,13,6,4,89,11
하의,무신사 스탠다드,27,32,21,9,3,8,78,22
하의,무신사 스탠다드,14,21,29,19,10,7,91,9
하의,파르티멘토,57,21,11,5,2,4,70,30
하의,더블유브이프로젝트,19,22,19,16,11,13,82,18
하의,그루브라임,28,30,17,10,6,9,69,31
하의,커버낫,17,26,33,14,5,5,84,16
하의,세터,15,30,30,14,6,5,91,9
하의,무신사 스탠다드,15,15,24,23,14,9,91,9
하의,파르티멘토,36,28,18,7,4,7,69,31
하의,파르티멘토,13,24,29,18,5,11,73,27
하의,파르티멘토,15,24,26,11,10,14,76,24
하의,유니폼브릿지,16,35,28,12,5,4,92,8
하의,나이키,42,25,15,8,3,7,77,23
하의,제로,33,27,17,10,6,7,75,25
하의,노매뉴얼,23,42,23,7,2,3,79,21
하의,브랜디드,13,29,31,18,5,4,94,6
하의,굿라이프웍스,22,42,20,8,3,5,83,17
하의,에드리엘로스,20,15,24,22,13,6,96,4
하의,파르티멘토,27,19,31,12,8,3,86,14
하의,아카이브 볼드,45,38,7,2,1,7,16,84
하의,우알롱,33,38,15,5,2,7,20,80
하의,드로우핏,13,27,37,15,5,3,96,4
하의,세븐셀라,27,15,15,16,14,13,84,16
하의,토피,18,36,26,11,4,5,88,12
하의,무신사 스탠다드,24,27,22,12,6,9,76,24
하의,굿라이프웍스,22,40,21,8,5,4,79,21
하의,아카이브 볼드,51,31,7,2,1,8,32,68
하의,인템포무드,15,36,33,9,4,3,93,7
하의,드로우핏,18,29,26,16,7,4,95,5
하의,노드 아카이브,12,22,34,19,8,5,96,4
하의,무신사 스탠다드,15,15,24,23,14,9,91,9
하의,파르티멘토,20,23,28,13,6,10,73,27
하의,무신사 스탠다드,14,21,29,19,10,7,91,9
하의,무신사 스탠다드,27,32,21,9,3,8,78,22
하의,유니폼브릿지,16,35,28,12,5,4,92,8
하의,파르티멘토,11,18,28,17,12,14,60,40
하의,노매뉴얼,16,43,27,8,3,3,85,15
하의,그라미치,15,14,24,24,14,9,90,10
하의,브랜디드,16,29,28,16,6,5,95,5
하의,브랜디드,13,29,31,18,5,4,94,6
하의,유니폼브릿지,16,32,30,13,5,4,91,9
하의,무신사 스탠다드,18,28,29,14,6,5,88,12
하의,무신사 스탠다드,26,18,19,16,10,11,86,14
하의,아카이브 볼드,45,38,7,2,1,7,16,84
하의,세븐셀라,27,15,15,16,14,13,84,16
하의,브랜디드,11,17,35,25,9,3,97,3
하의,제멋,26,32,17,9,6,10,87,13
하의,에드리엘로스,20,15,24,22,13,6,96,4
하의,우알롱,33,38,15,5,2,7,20,80
하의,노매뉴얼,23,42,23,7,2,3,79,21
하의,코드그라피,31,25,14,10,8,12,43,57
하의,위캔더스,19,35,26,10,5,5,85,15
하의,굿라이프웍스,22,41,24,6,2,5,81,19
하의,랩12,16,21,31,20,8,4,97,3
하의,무신사 스탠다드,20,29,26,14,6,5,89,11
하의,토피,18,36,26,11,4,5,88,12
하의,파르티멘토,61,5,7,7,6,14,26,74
하의,토피,19,35,26,12,3,5,87,13
하의,제로,16,44,27,8,2,3,91,9
하의,무신사 스탠다드,11,10,20,26,19,14,89,11
하의,파르티멘토,48,13,17,9,5,8,62,38
하의,피스워커,14,8,21,37,16,4,95,5
하의,플랙,20,28,30,15,4,3,95,5
하의,모드나인,15,31,32,13,4,5,95,5
하의,퍼블릭아이콘,22,33,23,11,5,6,84,16
하의,무신사 스탠다드,20,17,25,20,11,7,86,14
하의,굿라이프웍스,26,41,16,5,7,5,77,23
하의,마르디 메크르디,25,27,22,10,6,10,6,94
하의,제로,31,40,16,4,2,7,77,23
하의,에드리엘로스,22,23,27,16,7,5,94,6
하의,코드그라피,28,31,19,8,4,10,82,18
하의,드로우핏,41,22,18,10,5,4,93,7
하의,드로우핏,12,24,31,19,8,6,93,7
하의,유니폼브릿지,13,26,30,19,7,5,93,7
하의,셋업이엑스이,24,42,21,5,2,6,4,96
하의,수아레,22,32,27,9,5,5,85,15
하의,86로드,14,30,27,15,7,7,92,8
하의,무신사 스탠다드,15,15,23,23,14,10,89,11
하의,매스노운,18,13,18,22,16,13,86,14
하의,나인티 플러스,25,19,23,16,9,8,87,13
하의,굿라이프웍스,20,34,21,16,4,5,76,24
하의,배드블러드,29,35,20,6,3,7,8,92
하의,세터,15,33,35,9,3,5,89,11
하의,디스이즈네버댓,22,28,20,10,9,11,64,36
하의,비슬로우,15,31,35,12,4,3,93,7
하의,스컬프터,23,48,19,5,1,4,7,93
하의,낫포너드,26,40,18,6,3,7,84,16
하의,프리즘웍스,18,19,27,17,11,8,89,11
하의,아디다스,30,26,19,11,5,9,59,41
하의,비긴202,14,32,30,16,5,3,95,5
하의,무신사 스탠다드,25,30,22,9,5,9,75,25
하의,코드그라피,35,30,14,8,4,9,48,52
하의,라퍼지스토어,25,31,24,9,4,7,78,22
하의,그라미치,14,7,18,24,20,17,90,10
하의,파르티멘토,36,23,15,11,7,8,58,42
하의,엘무드,10,20,37,19,10,4,96,4
하의,아르반,23,23,34,9,5,6,94,6
하의,무신사 스탠다드,21,31,24,12,6,6,85,15
하의,하이드아웃,8,18,35,21,10,8,94,6
하의,어반드레스,23,36,20,8,4,9,8,92
하의,무신사 스탠다드,15,15,22,24,14,10,91,9
하의,시그니처,21,33,27,12,3,4,92,8
하의,포스333,19,41,26,8,1,5,83,17
하의,오웨너,15,7,23,21,22,12,95,5
하의,인사일런스,12,25,37,18,5,3,95,5
하의,브랜디드,11,29,35,14,7,4,96,4
하의,비슬로우,18,41,27,8,3,3,92,8
하의,인사일런스,12,30,34,17,4,3,94,6
하의,랩101,19,14,27,17,13,10,96,4
하의,쿠어,13,28,41,11,4,3,95,5
하의,인사일런스,12,30,34,17,4,3,94,6
하의,모드나인,15,31,32,13,4,5,95,5
하의,코드그라피,27,17,26,15,8,7,54,46
하의,그라미치,13,11,25,27,13,11,87,13
하의,플랙,14,26,29,19,7,5,93,7
하의,브렌슨,30,31,17,7,4,11,64,36
하의,브랜디드,10,20,38,22,8,2,97,3
하의,오더플리즈,16,38,27,12,3,4,90,10
하의,아디다스,22,28,26,11,5,8,19,81
하의,코드그라피,17,32,23,13,7,8,79,21
하의,플랙,13,20,34,22,7,4,94,6
하의,하이퍼 데님,43,25,13,12,5,2,97,3
하의,무신사 스탠다드,19,28,27,14,6,6,87,13
하의,낫포너드,26,40,18,6,3,7,84,16
하의,굿라이프웍스,22,41,24,6,2,5,81,19
하의,토피,31,36,19,6,2,6,83,17
하의,모드나인,10,27,34,16,8,5,95,5
하의,무신사 스탠다드,15,15,23,23,14,10,89,11
하의,매스노운,18,13,18,22,16,13,85,15
하의,피스워커,14,8,21,37,16,4,95,5
하의,파츠,16,33,37,9,2,3,92,8
하의,게스,11,17,27,20,11,14,82,18
하의,파르티멘토,28,20,22,16,8,6,65,35
하의,어반드레스,23,36,20,8,4,9,8,92
하의,프렌다,34,44,13,3,1,5,9,91
하의,데케트,15,31,25,11,8,10,80,20
하의,나이키,22,21,24,12,8,13,12,88
하의,시그니처,21,33,27,12,3,4,92,8
하의,스컬프터,23,46,21,4,1,5,9,91
하의,유니폼브릿지,8,21,34,23,9,5,95,5
하의,파르티멘토,13,23,32,17,5,10,65,35
하의,무신사 스탠다드,24,27,19,10,8,12,79,21
하의,브랜디드,11,18,33,25,10,3,97,3
하의,드로우핏,37,16,19,16,8,4,96,4
하의,에스피오나지,11,16,22,20,18,13,96,4
하의,피스워커,16,10,23,29,16,6,94,6
하의,드로우핏,31,16,21,18,10,4,95,5
하의,미나브,10,24,43,16,4,3,94,6
하의,코드그라피,35,30,14,8,4,9,48,52
하의,유니폼브릿지,18,33,24,11,7,7,82,18
하의,코닥,28,13,24,12,10,13,59,41
하의,토피,15,38,27,11,4,5,83,17
하의,모드나인,14,14,32,27,10,3,97,3
하의,하이퍼 데님,27,26,22,9,9,7,99,1
하의,랩12,16,21,31,20,8,4,97,3
하의,파르티멘토,36,23,15,11,7,8,58,42
하의,라퍼지스토어,25,31,24,9,4,7,78,22
하의,브렌슨,33,36,17,5,2,7,60,40
하의,토피,24,40,22,7,2,5,85,15
하의,무신사 스탠다드,29,30,15,6,4,16,10,90
하의,그라미치,15,8,19,24,17,17,89,11
하의,비얼디드키드,25,22,27,13,5,8,84,16
하의,브랜디드,12,31,35,15,4,3,94,6
하의,무신사 스탠다드,15,18,18,20,17,12,91,9
하의,페이탈리즘,15,19,28,21,11,6,94,6
하의,무신사 스탠다드,13,26,33,17,7,4,91,9
하의,비긴202,14,32,30,16,5,3,95,5
하의,그라미치,15,28,23,16,10,8,92,8
하의,아디다스,23,27,22,13,5,10,49,51
하의,라퍼지스토어,25,36,21,8,4,6,85,15
하의,아카이브 볼드,47,36,8,1,1,7,11,89
하의,더블유브이프로젝트,16,19,17,15,13,20,80,20
하의,프리즘웍스,18,19,27,17,11,8,89,11
하의,브랜디드,12,29,33,16,7,3,95,5
하의,플레이버리즘,28,43,18,5,1,5,76,24
하의,유니폼브릿지,17,33,24,11,7,8,82,18
하의,하프크라이즈,14,10,17,21,23,15,90,10
하의,세터,15,36,31,11,3,4,90,10
하의,하프크라이즈,29,21,16,13,9,12,84,16
하의,드로우핏,13,26,34,18,5,4,93,7
하의,아디다스,29,19,21,14,7,10,54,46
하의,하이드아웃,8,18,35,21,10,8,94,6
하의,메종미네드,15,33,33,11,4,4,94,6
하의,가까이 유니언즈,37,31,16,6,2,8,66,34
하의,뉴발란스,28,17,22,14,8,11,45,55
하의,아카이브 볼드,46,36,8,2,1,7,17,83
하의,폴로 랄프 로렌,21,11,25,25,13,5,84,16
하의,트래블,22,24,21,16,9,8,60,40
하의,에드,38,31,18,6,2,5,81,19
하의,오웨너,15,7,23,21,22,12,95,5
하의,브랜디드,14,18,30,20,12,6,97,3
하의,유니폼브릿지,17,28,27,14,7,7,91,9
하의,셋업이엑스이,24,42,21,5,2,6,4,96
하의,코드그라피,28,21,19,15,9,8,70,30
하의,아카이브 볼드,31,41,15,3,2,8,17,83
하의,그라미치,14,7,18,24,20,17,90,10
하의,척,42,36,10,3,2,7,13,87
하의,토피,31,36,19,6,2,6,83,17
하의,무신사 스탠다드,19,28,27,14,6,6,87,13
하의,엘무드,10,20,37,19,10,4,96,4
하의,아디다스,30,26,19,11,5,9,59,41
하의,브랜디드,11,22,37,19,7,4,94,6
하의,트래블,22,24,21,16,9,8,60,40
하의,무신사 스탠다드,14,14,25,24,14,9,92,8
하의,무신사 스탠다드,29,30,15,6,4,16,10,90
하의,오더플리즈,16,38,27,12,3,4,90,10
하의,커버낫,26,22,21,13,6,12,69,31
하의,오피셜가먼트,35,31,17,8,3,6,84,16
하의,게스,11,17,27,20,11,14,82,18
하의,아디다스,22,28,26,11,5,8,19,81
하의,코드그라피,26,20,17,13,11,13,37,63
하의,마르디 메크르디,28,34,18,6,4,10,6,94
하의,로어링라드,29,13,14,18,14,12,82,18
하의,무신사 스탠다드,9,10,33,24,16,8,88,12
하의,스컬프터,23,46,21,4,1,5,9,91
하의,하프크라이즈,29,21,16,13,9,12,84,16
하의,라퍼지스토어,24,34,23,9,4,6,77,23
하의,시그니처,21,32,27,12,4,4,92,8
하의,마롭,18,18,12,13,9,30,7,93
하의,그라미치,13,18,22,23,13,11,94,6
하의,그라미치,13,11,25,27,13,11,87,13
하의,더블유브이프로젝트,16,19,17,15,13,20,80,20
하의,코드그라피,28,31,19,8,4,10,82,18
하의,86로드,13,23,31,21,7,5,94,6
하의,포스333,19,41,26,8,1,5,83,17
하의,브랜디드,10,20,38,22,8,2,97,3
하의,랩101,19,14,27,17,13,10,96,4
하의,커스텀어클락,17,30,28,13,5,7,75,25
하의,아디다스,43,33,11,3,2,8,16,84
하의,피스워커,18,12,18,32,15,5,96,4
하의,커버낫,30,21,17,12,7,13,66,34
하의,모드나인,14,14,32,27,10,3,97,3
하의,엠엘비,53,28,9,3,1,6,5,95
하의,무신사 스탠다드,24,27,19,10,8,12,79,21
하의,아디다스,23,27,22,13,5,10,49,51
하의,토피,34,32,17,7,3,7,80,20
하의,비에스래빗,27,35,20,9,4,5,80,20
하의,배드블러드,32,36,18,6,2,6,8,92
하의,제로,25,35,26,7,2,5,93,7
하의,논플로어,29,32,26,7,3,3,82,18
하의,파츠,16,33,37,9,2,3,92,8
하의,하프크라이즈,14,10,17,21,23,15,90,10
하의,솔티,26,8,29,17,11,9,94,6
하의,챔피온,22,25,23,15,8,7,71,29
하의,세터,15,36,31,11,3,4,90,10
하의,페이탈리즘,15,19,28,21,11,6,94,6
하의,모드나인,10,27,34,16,8,5,95,5
하의,라츠,41,32,18,4,1,4,93,7
하의,브랜디드,10,21,34,24,8,3,96,4
하의,와릿이즌,45,19,7,3,3,23,37,63
하의,커버낫,19,16,19,20,12,14,70,30
하의,배디,43,38,9,2,1,7,6,94
하의,클라코,21,23,24,14,11,7,82,18
하의,어널러코드,31,30,19,9,3,8,57,43
하의,제로,42,27,13,5,3,10,57,43
하의,예일,47,21,10,7,3,12,54,46
하의,미니멀프로젝트,18,40,24,8,4,6,79,21
하의,유니폼브릿지,17,33,24,11,7,8,82,18
하의,프리즘웍스,9,10,32,29,11,9,90,10
하의,유니폼브릿지,8,21,34,23,9,5,95,5
하의,파르티멘토,17,30,23,15,7,8,86,14
하의,브랜디드,11,18,33,25,10,3,97,3
하의,라퍼지스토어,23,33,24,10,4,6,79,21
하의,플랙,16,12,26,29,12,5,92,8
하의,아디다스,28,22,19,12,7,12,60,40
하의,트래블,22,35,20,9,5,9,81,19
하의,무신사 스탠다드,11,16,32,20,13,8,93,7
하의,아카이브 볼드,46,36,8,2,1,7,17,83
하의,비에스래빗,22,39,20,8,3,8,75,25
하의,가까이 유니언즈,30,31,17,7,3,12,67,33
하의,클라코,16,17,23,18,16,10,90,10
하의,몽돌,19,22,24,19,8,8,8,92
하의,피스워커,17,16,25,23,13,6,94,6
하의,어반스터프,27,34,22,9,3,5,73,27
하의,나이키,33,30,15,10,5,7,87,13
하의,굿라이프웍스,24,37,23,7,2,7,75,25
하의,피스워커,14,8,21,37,16,4,95,5
하의,코드그라피,26,20,17,13,11,13,37,63
하의,모드나인,10,27,34,16,8,5,95,5
하의,무신사 스탠다드,14,14,25,24,14,9,92,8
하의,우알롱,33,38,15,5,2,7,20,80
하의,토피,20,40,25,8,2,5,81,19
하의,데케트,15,31,25,11,8,10,80,20
하의,코드그라피,27,17,26,15,8,7,54,46
하의,인템포무드,25,34,29,8,2,2,93,7
하의,프리즘웍스,9,10,32,29,11,9,90,10
하의,어널러코드,31,30,19,9,3,8,57,43
하의,유니폼브릿지,8,21,34,23,9,5,95,5
하의,굿라이프웍스,23,39,22,7,3,6,84,16
하의,무신사 스탠다드,12,20,31,21,10,6,89,11
하의,드로우핏,13,26,34,18,5,4,93,7
하의,무신사 스탠다드,29,31,19,9,4,8,12,88
하의,가까이 유니언즈,30,31,17,7,3,12,67,33
하의,테이크이지,15,19,18,19,12,17,88,12
하의,무신사 스탠다드,15,11,27,27,13,7,92,8
하의,브랜디드,11,18,33,25,10,3,97,3
하의,모드나인,15,31,32,13,4,5,95,5
하의,무신사 스탠다드,13,17,28,21,12,9,93,7
하의,나이키,34,21,19,9,6,11,70,30
하의,비긴202,14,32,30,16,5,3,95,5
하의,무신사 스탠다드,13,12,27,27,13,8,92,8
하의,무신사 스탠다드,15,18,18,20,17,12,91,9
하의,굿라이프웍스,22,41,24,6,2,5,81,20
하의,클라코,16,17,23,18,16,10,90,10
하의,몽돌,19,22,24,19,8,8,8,92
하의,밀리언코르,27,36,16,7,3,11,14,86
하의,시그니처,21,32,27,12,4,4,92,8
하의,오더플리즈,16,38,27,12,3,4,90,10
하의,코드그라피,28,21,19,15,9,8,70,30
하의,내셔널지오그래픽,27,16,13,8,11,25,67,33
하의,비슬로우,11,31,32,17,5,4,85,15
하의,그라미치,15,8,19,24,17,17,89,11
하의,에드리엘로스,22,23,27,16,7,5,94,6
하의,아디다스,29,19,21,14,7,10,54,46
하의,나이키,32,20,16,15,8,9,79,21
하의,나이키,38,24,16,8,5,9,64,36
하의,스컬프터,34,39,15,4,2,6,7,93
하의,닉앤니콜,15,27,24,14,7,13,16,84
하의,세터,15,36,31,11,3,4,90,10
하의,트래블,22,24,21,16,9,8,60,40
하의,비얼디드키드,25,22,27,13,5,8,84,16
하의,트릴리온,21,34,27,10,3,5,85,15
하의,더블유브이프로젝트,16,19,17,15,13,20,80,20
하의,오더플리즈,13,26,32,18,7,4,89,11
하의,86로드,16,31,27,16,6,4,95,5
하의,파르티멘토,15,34,25,11,7,8,81,19
하의,브렌슨,35,26,17,7,3,12,67,33
하의,브랜디드,12,31,35,15,4,3,94,6
하의,토피,23,38,23,9,3,4,86,14
하의,척,42,36,10,3,2,7,13,87
하의,토피,24,40,22,7,2,5,85,15
하의,파르티멘토,17,29,23,16,7,8,86,14
하의,무신사 스탠다드,10,5,16,27,24,18,90,10
하의,라퍼지스토어,24,34,23,9,4,6,77,23
하의,브렌슨,30,26,16,10,8,10,61,39
하의,마르디 메크르디,28,34,18,6,4,10,6,94
하의,무신사 스탠다드,19,21,20,16,13,11,9,91
하의,오더플리즈,18,29,26,15,6,6,89,11
하의,플랙,13,20,34,22,7,4,94,6
하의,엘무드,15,14,31,25,10,5,94,6
하의,굿라이프웍스,22,40,23,7,2,6,78,22
하의,멜란지 마스터,26,22,17,13,9,13,79,21
하의,비슬로우,12,35,31,14,5,3,95,5
하의,낫포너드,23,38,21,8,3,7,82,18
하의,리,27,21,19,12,9,12,37,63
하의,모드나인,13,27,34,15,6,5,95,5
하의,커버낫,26,22,21,13,6,12,69,31
하의,무신사 스탠다드,12,26,34,14,6,8,83,17
하의,브렌슨,37,28,15,6,3,11,62,38
하의,인스펙터,14,16,33,25,8,4,96,4
하의,브랜디드,14,18,30,20,12,6,97,3
하의,라퍼지스토어,28,32,21,8,4,7,81,19
하의,하프크라이즈,29,21,16,13,9,12,84,16
하의,안다르,31,22,12,16,8,11,18,82
하의,무신사 스탠다드,18,11,21,25,15,10,92,8
하의,락케이크,30,45,14,4,1,6,3,97
하의,무신사 스탠다드,15,18,18,20,17,12,91,9
하의,인사일런스,12,30,34,17,4,3,94,6
하의,토피,23,38,23,9,3,4,86,14
하의,아웃스탠딩,16,21,27,21,8,7,92,8
하의,몽플리쎄,27,18,16,15,12,12,87,13
하의,무신사 스탠다드,18,11,21,25,15,10,92,8
하의,인사일런스,12,25,37,18,5,3,95,5
하의,로맨틱크라운,28,37,21,8,2,4,63,37
하의,에프터글로우,18,24,35,13,4,6,90,10
하의,브랜디드,12,31,35,15,4,3,94,6
하의,수아레,22,32,27,9,5,5,85,15
하의,피스워커,18,12,18,32,15,5,96,4
하의,밀리언코르,18,31,18,11,5,17,13,87
하의,트래블,22,24,21,16,9,8,60,40
하의,어널러코드,31,30,19,9,3,8,57,43
하의,제로,25,35,26,7,2,5,93,7
하의,챔피온,22,25,23,15,8,7,71,29
하의,무신사 스탠다드,20,31,25,12,6,6,83,17
하의,라퍼지스토어,24,34,23,9,4,6,77,23
하의,세븐셀라,16,12,16,20,19,17,88,12
하의,브렌슨,37,28,15,6,3,11,62,38
하의,토피,25,42,19,7,2,5,82,18
하의,유니폼브릿지,17,28,27,14,7,7,91,9
하의,클라코,21,23,24,14,11,7,82,18
하의,라츠,41,32,18,4,1,4,93,7
하의,밀리언코르,22,32,20,10,6,10,11,89
하의,모더먼트,22,33,19,9,6,11,77,23
하의,와릿이즌,45,19,7,3,3,23,37,63
하의,드로우핏,41,22,18,10,5,4,93,7
하의,페이탈리즘,15,19,28,21,11,6,94,6
하의,커버낫,19,16,19,20,12,14,70,30
하의,시그니처,17,24,31,12,6,10,81,19
하의,스컬프터,23,46,21,4,1,5,9,91
하의,무신사 스탠다드,23,21,21,14,9,12,80,20
하의,게스,11,17,27,20,11,14,82,18
하의,커스텀어클락,17,30,28,13,5,7,75,25
하의,오더플리즈,14,27,31,16,7,5,88,12
하의,무신사 스탠다드,21,25,23,15,8,8,86,14
하의,트래블,22,29,26,14,4,5,70,30
하의,플랙,21,4,13,29,19,14,92,8
하의,모더먼트,25,33,18,5,7,12,79,21
하의,코드그라피,24,26,21,13,7,9,67,33
하의,프리즘웍스,9,10,32,29,11,9,90,10
하의,코드그라피,25,33,16,9,6,11,74,26
하의,브랜디드,11,22,37,19,7,4,94,6
하의,무신사 스탠다드,16,24,27,18,9,6,88,12
하의,에드리엘로스,22,23,27,16,7,5,94,6
하의,클라코,16,17,23,18,16,10,90,10
하의,비에스래빗,27,35,20,9,4,5,80,20
하의,트래블,22,35,20,9,5,9,81,19
하의,무신사 스탠다드,23,17,20,17,9,14,11,89
하의,밀리언코르,21,30,23,11,5,10,12,88
하의,랩12,16,21,31,20,8,4,97,3
하의,오더플리즈,16,38,27,12,3,4,90,10
하의,어반스터프,28,20,21,11,6,14,84,16
하의,무신사 스탠다드,17,19,20,20,13,11,92,8
하의,모드나인,14,14,32,27,10,3,97,3
하의,비에스래빗,22,39,20,8,3,8,75,25
하의,무신사 스탠다드,19,19,25,17,11,9,86,14
하의,파르티멘토,17,29,23,16,7,8,86,14
하의,몽돌,19,22,24,19,8,8,8,92
하의,무신사 스탠다드,19,28,27,14,6,6,87,13
하의,가먼트레이블,26,15,30,16,7,6,91,9
하의,비슬로우,11,31,32,17,5,4,85,15
하의,하프크라이즈,29,21,16,13,9,12,84,16
하의,피스워커,17,16,25,23,13,6,94,6
하의,시그니처,17,26,28,14,7,8,81,19
하의,낫포너드,43,32,10,3,2,10,24,76
하의,브랜디드,10,21,34,24,8,3,96,4
하의,무신사 스탠다드,13,26,27,15,8,11,6,94
하의,피스워커,15,19,26,21,14,5,95,5
하의,배드블러드,32,36,18,6,2,6,8,92
하의,밀리언코르,13,26,25,14,8,14,3,97
하의,제멋,19,29,27,12,4,9,83,17
하의,데이,19,10,32,30,4,5,97,3
하의,엑스톤즈,12,33,36,9,2,8,68,32
하의,무신사 스탠다드,13,22,29,20,10,6,84,16
하의,오더플리즈,13,26,32,18,7,4,89,11
하의,무신사 스탠다드,31,34,12,5,3,15,10,90
하의,토피,31,36,19,6,2,6,83,17
하의,이넥시스,20,28,23,16,7,6,90,10
하의,무신사 스탠다드,11,16,32,20,13,8,93,7
하의,시그니처,14,23,29,13,10,11,82,18
하의,어반드레스,19,38,20,9,5,9,10,90
하의,르마드,14,22,35,20,5,4,95,5
하의,86로드,16,31,27,16,6,4,95,5
하의,밀리언코르,13,29,28,15,7,8,5,95
하의,트릴리온,21,34,27,10,3,5,85,15
하의,플랙,20,21,28,20,7,4,96,4
하의,브렌슨,35,26,17,7,3,12,67,33
하의,파르티멘토,15,34,25,11,7,8,81,19
하의,에즈카톤,20,36,28,11,2,3,74,26
하의,가까이 유니언즈,30,31,17,7,3,12,67,33
하의,프렌다,25,47,17,4,2,5,6,94
하의,폴코어,18,28,31,13,5,5,88,12
하의,무신사 스탠다드,11,21,25,21,13,9,93,7
하의,아디다스,28,22,19,12,7,12,60,40
하의,미니멀프로젝트,18,40,24,8,4,6,79,21
하의,아카이브 볼드,45,37,9,1,1,7,17,83
하의,토피,21,39,24,8,3,5,89,11
하의,리플라이퍼키,19,20,20,15,17,9,84,16
하의,프리즘웍스,13,33,28,12,8,6,91,9
하의,낫포너드,23,38,21,8,3,7,82,18
하의,아디다스,22,28,26,11,5,8,19,81
하의,리,27,21,19,12,9,12,37,63
하의,세븐셀라,13,15,20,19,22,11,91,9
하의,라퍼지스토어,23,38,23,8,3,5,77,23
하의,모드나인,13,27,34,15,6,5,95,5
하의,어반스터프,22,43,22,6,2,5,70,30
하의,가까이 유니언즈,47,30,11,3,1,8,32,68
하의,커버낫,34,16,12,9,9,20,43,57
하의,와르,18,27,27,14,7,7,89,11
하의,메종미네드,15,33,33,11,4,4,94,6
하의,51퍼센트,17,27,30,16,6,4,82,18
하의,파츠,14,43,29,8,2,4,94,6
하의,이스트쿤스트,29,35,22,6,3,5,14,86
하의,아디다스,21,18,19,16,13,13,64,36
하의,엘엠씨,16,31,24,12,12,5,72,28
하의,닉앤니콜,15,27,24,14,7,13,16,84
하의,엘무드,10,20,37,19,10,4,96,4
하의,미니멀프로젝트,21,29,24,11,6,9,84,16
하의,프렌다,21,34,20,8,7,10,26,74
하의,어반스터프,55,22,11,3,3,6,87,13
하의,골라,31,20,17,7,8,17,22,78
하의,칸코,22,33,26,8,3,8,16,84
하의,스컬프터,34,39,15,4,2,6,7,93
하의,세터,15,36,31,11,3,4,90,10
하의,시그니처,14,19,28,16,11,12,83,17
하의,가까이 유니언즈,37,29,14,5,2,13,45,55
하의,셋업이엑스이,24,42,21,5,2,6,4,96
하의,무신사 스탠다드,10,21,34,22,9,4,91,9
하의,디미트리블랙,34,6,23,14,15,8,91,9
하의,나이키,38,24,16,8,5,9,64,36
하의,라퍼지스토어,23,33,24,10,4,6,79,21
하의,가까이 유니언즈,33,32,15,8,3,9,58,42
하의,무신사 스탠다드,21,18,24,17,11,9,89,11
하의,무신사 스탠다드,13,23,36,17,7,4,87,13
하의,예일,47,21,10,7,3,12,54,46
하의,그라미치,14,7,18,24,20,17,90,10
하의,디스이즈네버댓,22,28,20,10,9,11,64,36
하의,피아네르,35,24,16,8,4,13,60,40
하의,브랜디드,10,20,38,22,8,2,97,3
하의,파르티멘토,22,31,24,12,5,6,79,21
하의,시그니처,21,32,27,12,4,4,92,8
하의,무신사 스탠다드,17,28,26,14,6,9,83,17
하의,라퍼지스토어,21,35,26,9,4,5,72,28
하의,무신사 스탠다드,10,5,16,27,24,18,90,10
하의,에드리엘로스,20,19,31,22,4,4,93,7
하의,코드그라피,35,27,16,9,4,9,49,51
하의,낫포너드,49,30,8,2,1,10,21,79
하의,어커버,27,16,16,15,11,15,60,40
하의,엘무드,15,14,31,25,10,5,94,6
하의,아디다스,19,25,27,13,9,7,17,83
하의,더스토리,14,32,34,11,3,6,88,12
하의,예일,54,15,6,3,3,19,44,56
하의,아모프레,15,8,19,33,16,9,89,11
하의,폴코어,12,32,36,12,5,3,86,14
하의,모드나인,15,31,32,13,4,5,95,5
하의,아디다스,37,22,18,7,4,12,49,51
하의,무신사 스탠다드,11,17,29,20,13,10,92,8
하의,아디다스,30,26,19,11,5,9,59,41
하의,미니멀코드,24,23,26,13,7,7,67,33
하의,무신사 스탠다드,21,24,22,14,9,10,84,16
하의,예일,54,15,6,3,3,19,44,56
하의,더스토리,14,32,34,11,3,6,88,12
하의,무신사 스탠다드,11,11,28,28,15,7,92,8
하의,낫포너드,49,30,8,2,1,10,21,79
하의,챔피온,22,25,23,15,8,7,71,29
하의,시그니처,14,23,29,13,10,11,82,18
하의,가먼트레이블,12,20,33,14,8,13,74,26
하의,폴로 랄프 로렌,18,8,24,29,15,6,88,12
하의,낫포너드,43,32,10,3,2,10,24,76
하의,무신사 스탠다드,13,7,18,27,23,12,91,9
하의,무신사 스탠다드,9,26,35,14,7,9,89,11
하의,인스펙터,14,16,33,25,8,4,96,4
하의,무신사 스탠다드,19,21,20,16,13,11,9,91
하의,슈퍼서브,36,27,13,7,6,11,25,75
하의,하프크라이즈,15,11,21,25,15,13,93,7
하의,라퍼지스토어,24,34,23,9,4,6,77,23
하의,무신사 스탠다드,15,18,18,20,17,12,91,9
하의,마롭,18,18,12,13,9,30,7,93
하의,무신사 스탠다드,19,28,27,14,6,6,87,13
하의,헤인트,13,38,25,11,5,8,3,97
하의,무신사 스탠다드,18,11,21,25,15,10,92,8
하의,무신사 스탠다드,26,22,20,13,9,10,81,19
하의,무신사 스탠다드,11,16,32,20,13,8,93,7
하의,코드그라피,35,27,16,9,4,9,49,51
하의,무신사 스탠다드,17,21,30,16,10,6,90,10
하의,무신사 스탠다드,17,19,20,20,13,11,92,8
하의,코드그라피,34,31,17,7,4,7,57,43
하의,무신사 스탠다드,13,18,34,15,12,8,92,8
하의,큐티에잇,39,17,19,7,11,7,67,33
하의,엄브로,26,20,20,16,9,9,53,47
하의,피스워커,18,12,18,32,15,5,96,4
하의,무신사 스탠다드,15,15,19,18,16,17,92,8
하의,파츠,16,33,37,9,2,3,92,8
하의,커스텀멜로우,24,3,27,23,12,11,98,2
하의,토템,41,4,13,15,15,12,10,90
하의,무신사 스탠다드,13,22,29,20,10,6,84,16
하의,그라미치,14,11,25,27,13,10,87,13
하의,뉴발란스,28,17,22,14,8,11,45,55
하의,무신사 스탠다드,13,14,24,28,14,7,87,13
하의,로맨틱크라운,14,25,32,16,6,7,46,54
하의,아카이브 볼드,45,37,9,1,1,7,17,83
하의,트릴리온,15,33,27,12,5,8,76,24
하의,시그니처,17,26,28,14,7,8,81,19
하의,어반스터프,28,20,21,11,6,14,84,16
하의,무신사 스탠다드,10,11,26,26,17,10,92,8
하의,제로,25,24,27,12,4,8,76,24
하의,무신사 스탠다드,11,4,22,28,24,11,93,7
하의,무신사 스탠다드,13,26,27,15,8,11,6,94
하의,브렌슨,30,26,16,10,8,10,61,39
하의,비긴202,14,32,30,16,5,3,95,5
하의,칸코,22,33,26,8,3,8,16,84
하의,제멋,19,29,27,12,4,9,83,17
하의,토피,31,36,19,6,2,6,83,17
하의,클라코,21,23,24,14,11,7,82,18
하의,지오다노,25,20,27,17,6,5,91,9
하의,라퍼지스토어,23,38,23,8,3,5,77,23
하의,피스워커,14,8,21,37,16,4,95,5
하의,페이탈리즘,15,19,28,21,11,6,94,6
하의,아디다스,28,22,19,12,7,12,60,40
하의,피스워커,15,19,26,21,14,5,95,5
하의,나이키,49,23,8,3,3,14,67,33
하의,헤인트,16,31,19,10,6,18,7,93
하의,에드리엘로스,22,23,27,16,7,5,94,6
하의,토피,23,38,23,9,3,4,86,14
하의,널,21,9,19,32,19,0,94,6
하의,엑스톤즈,12,33,36,9,2,8,68,32
하의,비슬로우,12,35,31,14,5,3,95,5
하의,모드나인,10,27,34,16,8,5,95,5
하의,제로,26,32,19,8,4,11,64,36
하의,커버낫,31,20,17,18,7,7,47,53
하의,시그니처,17,24,31,12,6,10,81,19
하의,와릿이즌,45,19,7,3,3,23,37,63
하의,제로,33,28,14,11,6,8,64,36
하의,위캔더스,18,33,26,12,6,5,81,19
하의,오더플리즈,16,37,27,13,3,4,90,10
하의,세터,15,36,31,11,3,4,90,10
하의,데케트,15,31,25,11,8,10,80,20
하의,무신사 스탠다드,16,18,27,17,13,9,86,14
하의,무신사 스탠다드,12,15,27,24,14,8,91,9
하의,베이스모먼트,32,21,19,12,6,10,71,29
하의,페퍼시즈닝,36,21,18,11,7,7,55,45
하의,엘리오티,27,33,20,6,5,9,78,22
하의,브렌슨,35,27,15,7,6,10,59,41
하의,프렌다,25,47,17,4,2,5,6,94
하의,무신사 스탠다드,21,8,14,21,18,18,94,6
하의,폴코어,18,28,31,13,5,5,88,12
하의,비긴202,14,32,30,16,5,3,95,5
하의,비슬로우,12,35,31,14,5,3,95,5
하의,트래블,22,35,20,9,5,9,81,19
하의,비슬로우,11,31,32,17,5,4,85,15
하의,토피,21,39,24,8,3,5,89,11
하의,에프씨엠엠,38,23,17,6,4,12,35,65
하의,스파오,34,26,20,10,4,6,7,93
하의,배디,39,39,13,2,1,6,3,97
하의,테이크이지,16,24,20,15,11,14,90,10
하의,파츠,14,43,29,8,2,4,94,6
하의,크럼프,35,23,19,8,4,11,54,46
하의,트래블,20,29,22,10,5,14,76,24
하의,가까이 유니언즈,47,30,11,3,1,8,33,67
하의,밀리언코르,13,26,25,14,8,14,3,97
하의,와이즈,37,23,22,4,2,12,28,72
하의,에이징씨씨씨,20,27,20,10,10,13,55,45
하의,트릴리온,21,34,27,10,3,5,85,15
하의,비에스래빗,27,35,20,9,4,5,80,20
하의,무신사 스탠다드,13,23,36,17,7,4,87,13
하의,세븐셀라,13,15,20,19,22,11,91,9
하의,비슬로우,15,31,35,12,4,3,93,7
하의,무신사 스탠다드,20,31,25,12,6,6,83,17
하의,르마드,14,22,35,20,5,4,95,5
하의,와르,18,27,27,14,7,7,89,11
하의,무신사 스탠다드,10,21,34,22,9,4,91,9
하의,무신사 스탠다드,21,24,22,14,9,10,84,16
하의,비에스래빗,22,39,20,8,3,8,75,25
하의,몽돌,19,22,24,19,8,8,8,92
하의,86로드,16,31,27,16,6,4,95,5
하의,브렌슨,30,31,17,7,4,11,64,36
하의,프렌다,21,34,20,8,7,10,26,74
하의,피스워커,17,16,25,23,13,6,94,6
하의,로맨틱크라운,18,30,26,14,7,5,75,25
하의,트래블,22,24,21,16,9,8,60,40
하의,어반드레스,19,38,20,9,5,9,10,90
하의,이넥시스,20,28,23,16,7,6,90,10
하의,미나브,13,27,41,14,3,2,94,6
하의,아티스트웨어,38,19,19,2,1,21,55,45
하의,챔피온,30,28,19,11,5,7,77,23
하의,배드블러드,29,35,20,6,3,7,8,92
하의,피아네르,35,24,16,8,4,13,60,40
하의,어반스터프,22,43,22,6,2,5,70,30
하의,리,27,21,19,12,9,12,37,63
하의,가까이 유니언즈,37,29,14,5,2,13,45,55
하의,가까이 유니언즈,33,32,15,8,3,9,58,42
하의,유니폼브릿지,13,26,30,19,7,5,93,7
하의,파르티멘토,12,24,31,18,5,10,63,37
하의,무신사 스탠다드,21,18,24,17,11,9,89,11
하의,세븐셀라,20,19,18,19,13,11,90,10
하의,에즈카톤,20,36,28,11,2,3,74,26
하의,파르티멘토,17,17,23,22,11,10,71,29
하의,무신사 스탠다드,21,11,25,23,11,9,95,5
하의,모드나인,18,17,30,20,9,6,96,4
하의,수아레,22,33,26,9,5,5,85,15
하의,브렌슨,35,26,17,7,3,12,67,33
하의,무신사 스탠다드,13,18,34,15,12,8,92,8
하의,파르티멘토,15,34,25,11,7,8,81,19
하의,낫포너드,23,38,21,8,3,7,82,18
하의,스컬프터,19,43,25,6,2,5,28,72
하의,칸코,22,33,26,8,3,8,16,84
하의,파츠,15,30,33,14,4,4,92,8
하의,무신사 스탠다드,11,17,29,20,13,10,92,8
하의,어반드레스,19,40,21,9,3,8,10,90
하의,슈퍼서브,36,27,13,7,6,11,25,75
하의,폴코어,12,32,36,12,5,3,86,14
하의,에드리엘로스,20,19,31,22,4,4,93,7
하의,낫포너드,49,30,8,2,1,10,21,79
하의,5252 바이 오아이오아이,17,25,26,11,8,13,17,83
하의,무신사 스탠다드,17,28,26,14,6,9,83,17
하의,예일,54,15,6,3,3,19,44,56
하의,아디다스,19,25,27,13,9,7,17,83
하의,파르티멘토,17,29,23,16,7,8,86,14
하의,브랜디드,11,29,35,14,7,4,96,4
하의,하프크라이즈,29,21,16,13,9,12,84,16
하의,제멋,21,28,19,7,6,19,74,26
하의,아디다스,27,17,18,9,9,20,48,52
하의,모드나인,14,14,32,27,10,3,97,3
하의,리플라이퍼키,19,20,20,15,17,9,84,16
하의,낫포너드,43,32,10,3,2,10,24,76
하의,무신사 스탠다드,15,18,18,20,17,12,91,9
하의,어반스터프,55,22,11,3,3,6,87,13
하의,가먼트레이블,12,20,33,14,8,13,74,26
하의,브랜디드,11,22,37,19,7,4,94,6
하의,모드나인,14,14,32,27,10,3,97,3
하의,무신사 스탠다드,9,26,35,14,7,9,89,11
하의,엑스톤즈,22,39,23,7,3,6,73,27
하의,비슬로우,13,35,29,12,6,5,94,6
하의,시그니처,19,31,25,14,5,6,89,11
하의,아디다스,21,18,19,16,13,13,64,36
하의,무신사 스탠다드,18,11,21,25,15,10,92,8
하의,밀리언코르,18,31,18,11,5,17,13,87
하의,무신사 스탠다드,13,17,28,21,12,9,93,7
하의,무신사 스탠다드,29,33,13,5,4,16,6,94
하의,모드나인,12,28,33,15,6,6,95,5
하의,무신사 스탠다드,26,22,20,13,9,10,81,19
하의,골라,31,20,17,7,8,17,22,78
하의,예일,47,21,10,7,3,12,54,46
하의,내셔널지오그래픽,27,16,13,8,11,25,67,33
하의,무신사 스탠다드,21,8,14,21,18,18,94,6
하의,몽플리쎄,27,18,16,15,12,12,87,13
하의,무신사 스탠다드,13,14,24,28,14,7,87,13
하의,무신사 스탠다드,13,12,27,27,13,8,92,8
하의,잇터우먼스,32,21,15,11,8,13,7,93
하의,무신사 스탠다드,11,4,22,28,24,11,93,7
하의,파르티멘토,36,23,15,11,7,8,58,42
하의,무신사 스탠다드,13,26,27,15,8,11,6,94
하의,인사일런스,12,30,34,17,4,3,94,6
하의,인사일런스,12,25,37,18,5,3,95,5
하의,디미트리블랙,34,6,23,14,15,8,91,9
하의,리트,19,35,29,11,4,2,95,5
하의,무신사 스탠다드,17,11,15,22,16,19,84,16
하의,위캔더스,18,33,26,12,6,5,81,19
하의,지오다노,25,20,27,17,6,5,91,9
하의,던스트,14,24,36,16,6,4,84,16
하의,무신사 스탠다드,10,11,26,26,17,10,92,8
하의,멜란지 마스터,26,22,17,13,9,13,79,21
하의,무신사 스탠다드,22,4,15,26,28,5,83,17
하의,무신사 스탠다드,17,11,20,25,14,13,85,15
하의,테이크이지,20,31,23,12,6,8,87,13
하의,시그니처,14,23,29,13,10,11,82,18
하의,프렌다,34,44,13,3,1,5,9,91
하의,무신사 스탠다드,17,19,20,20,13,11,92,8
하의,플랙,13,22,33,23,6,3,95,5
하의,무신사 스탠다드,25,29,18,8,9,11,50,50
하의,무신사 스탠다드,20,26,24,14,9,7,84,16
하의,아디다스,27,17,18,9,9,20,48,52
하의,마르디 메크르디,28,34,18,6,4,10,6,94
하의,무신사 스탠다드,13,22,29,20,10,6,84,16
하의,아디다스,30,15,14,9,8,24,56,44
하의,마르디 메크르디,25,27,22,10,6,10,6,94
하의,무신사 스탠다드,19,33,27,11,5,5,87,13
하의,무신사 스탠다드,17,9,19,22,18,15,79,21
하의,나이키,22,21,24,12,8,13,12,88
하의,제로,16,44,27,8,2,3,91,9
하의,미나브,18,22,24,14,11,11,72,28
하의,하이퍼 데님,43,25,13,12,5,2,97,3
하의,드로우핏,41,22,18,10,5,4,93,7
하의,무신사 스탠다드,22,9,17,31,9,12,86,14
하의,베이스모먼트,32,21,19,12,6,10,71,29
하의,에스피오나지,11,16,22,20,18,13,96,4
하의,쿠어,13,28,41,11,4,3,95,5
하의,에이징씨씨씨,20,27,20,10,10,13,55,45
하의,게스,11,17,27,20,11,14,82,18
하의,시그니처,17,26,28,14,7,8,81,19
하의,모드나인,17,18,28,23,9,5,95,5
하의,스파오,34,26,20,10,4,6,7,93
하의,코드그라피,27,17,26,15,8,7,54,46
하의,디스이즈네버댓,21,29,23,9,10,8,64,36
하의,메종미네드,13,32,30,12,4,9,89,11
하의,무신사 스탠다드,21,21,24,17,9,8,90,10
하의,코드그라피,30,28,19,10,5,8,55,45
하의,테이크이지,16,24,20,15,11,14,90,10
하의,에프씨엠엠,38,23,17,6,4,12,35,65
하의,에잇세컨즈,17,27,31,12,5,8,81,19
하의,에씨드슬라이드,16,27,19,21,7,10,68,32
하의,아카이브 볼드,45,37,9,1,1,7,17,83
하의,코드그라피,26,30,15,8,7,14,49,51
하의,가까이 유니언즈,30,31,17,7,3,12,67,33
하의,엑스트라오디너리,24,16,19,16,14,11,88,12
하의,칸코,22,33,26,8,3,8,16,84
하의,아디다스,27,21,21,13,7,11,57,43
하의,어반스터프,28,20,21,11,6,14,84,16
하의,로맨틱크라운,14,25,32,16,6,7,46,54
하의,브렌슨,30,26,16,10,8,10,61,39
